id,name,class,rarity,cost,type,keywords,icon,effects,textTemplate,upgrade,damageSchool,exposureBuildupPerHit,staminaCost,manaCost,flavor
"""strike""","""Strike""","""colorless""","""starter""",1,"""attack""",[],"""⚔""","[{""op"":""damage"",""target"":""enemy"",""amount"":6}]","""Deal {damage} damage.""","{""effects"":[{""op"":""damage"",""target"":""enemy"",""amount"":9}]}","""physical""",0,,,
"""defend""","""Defend""","""colorless""","""starter""",1,"""skill""",[],"""🛡""","[{""op"":""block"",""target"":""self"",""amount"":5}]","""Gain {block} Block.""","{""effects"":[{""op"":""block"",""target"":""self"",""amount"":8}]}",,,,,
"""technique""","""Footwork""","""colorless""","""starter""",1,"""skill""",[],"""✧""","[{""op"":""block"",""target"":""self"",""amount"":3},{""op"":""draw"",""amount"":1}]","""Gain {block} Block. Draw {draw} card.""","{""effects"":[{""op"":""block"",""target"":""self"",""amount"":5},{""op"":""draw"",""amount"":1}]}",,,,,
"""evasiveGuard""","""Evasive Guard""","""colorless""","""starter""",1,"""skill""",[],"""🌀""","[{""op"":""block"",""target"":""self"",""amount"":1},{""op"":""dodgeRoll"",""target"":""self""}]","""Gain {block} Block, then roll to evade: on a success, gain Block equal to the dodge.""","{""effects"":[{""op"":""block"",""target"":""self"",""amount"":3},{""op"":""dodgeRoll"",""target"":""self""}]}",,,,,
"""dodgeRoll""","""Dodge Roll""","""colorless""","""starter""",0,"""skill""",[],"""💨""","[{""op"":""dodgeRoll"",""target"":""self""}]","""Roll to evade: on a success, gain Block from the dodge. Light: 1 Stamina. Medium: 2 Stamina, 1 Energy. Heavy: 3 Stamina, 2 Energy.""",,,,1,,
"""gorefireSlash""","""Gorefire Slash""","""reaver""","""starter""",1,"""attack""",[],"""🗡""","[{""op"":""damage"",""target"":""enemy"",""amount"":5},{""op"":""applyStatus"",""target"":""enemy"",""status"":""bleed"",""stacks"":3}]","""Deal {damage} damage. Apply {bleed} Bleed.""","{""effects"":[{""op"":""damage"",""target"":""enemy"",""amount"":5},{""op"":""applyStatus"",""target"":""enemy"",""status"":""bleed"",""stacks"":5}]}","""physical""",0,,1,
"""crimsonCleave""","""Crimson Cleave""","""reaver""","""common""",2,"""attack""",[],"""🪓""","[{""op"":""damage"",""target"":""allEnemies"",""amount"":8},{""op"":""applyStatus"",""target"":""allEnemies"",""status"":""bleed"",""stacks"":2}]","""Deal {damage} damage to ALL enemies. Apply {bleed} Bleed to ALL.""","{""effects"":[{""op"":""damage"",""target"":""allEnemies"",""amount"":11},{""op"":""applyStatus"",""target"":""allEnemies"",""status"":""bleed"",""stacks"":2}]}","""physical""",0,,,
"""shieldBash""","""Shield Bash""","""reaver""","""common""",1,"""attack""",[],"""🛡""","[{""op"":""damage"",""target"":""enemy"",""amount"":5},{""op"":""poiseDamage"",""target"":""enemy"",""amount"":4}]","""Deal {damage} damage and {poiseDamage} Poise damage.""","{""effects"":[{""op"":""damage"",""target"":""enemy"",""amount"":8},{""op"":""poiseDamage"",""target"":""enemy"",""amount"":5}]}","""physical""",0,,,
"""quickstep""","""Quickstep""","""reaver""","""common""",1,"""skill""",[],"""👣""","[{""op"":""block"",""target"":""self"",""amount"":6},{""op"":""draw"",""amount"":1}]","""Gain {block} Block. Draw {draw} card.""","{""effects"":[{""op"":""block"",""target"":""self"",""amount"":8},{""op"":""draw"",""amount"":1}]}",,,,,
"""guardCounter""","""Guard Counter""","""reaver""","""common""",1,"""attack""",[],"""↩""","[{""op"":""damage"",""target"":""enemy"",""amount"":4,""if"":{""p"":""not"",""pred"":{""p"":""hasBlock"",""of"":""self""}}},{""op"":""damage"",""target"":""enemy"",""amount"":10,""if"":{""p"":""hasBlock"",""of"":""self""}}]","""Deal {damage} damage. If you have Block: deal {damage.2} instead.""","{""effects"":[{""op"":""damage"",""target"":""enemy"",""amount"":6,""if"":{""p"":""not"",""pred"":{""p"":""hasBlock"",""of"":""self""}}},{""op"":""damage"",""target"":""enemy"",""amount"":14,""if"":{""p"":""hasBlock"",""of"":""self""}}]}","""physical""",0,,,
"""ironResolve""","""Iron Resolve""","""reaver""","""common""",1,"""skill""",[],"""⛨""","[{""op"":""block"",""target"":""self"",""amount"":5,""if"":{""p"":""not"",""pred"":{""p"":""inStance"",""stance"":""bulwark""}}},{""op"":""block"",""target"":""self"",""amount"":9,""if"":{""p"":""inStance"",""stance"":""bulwark""}}]","""Gain {block} Block. If in Bulwark Stance: gain {block.2} instead.""","{""effects"":[{""op"":""block"",""target"":""self"",""amount"":7,""if"":{""p"":""not"",""pred"":{""p"":""inStance"",""stance"":""bulwark""}}},{""op"":""block"",""target"":""self"",""amount"":12,""if"":{""p"":""inStance"",""stance"":""bulwark""}}]}",,,,,
"""serratedBlade""","""Serrated Blade""","""reaver""","""common""",1,"""attack""",[],"""🪚""","[{""op"":""damage"",""target"":""enemy"",""amount"":7},{""op"":""applyStatus"",""target"":""enemy"",""status"":""bleed"",""stacks"":3,""if"":{""p"":""hasStatus"",""of"":""target"",""status"":""bleed""}}]","""Deal {damage} damage. If the target has Bleed: apply {bleed} more Bleed.""","{""effects"":[{""op"":""damage"",""target"":""enemy"",""amount"":9},{""op"":""applyStatus"",""target"":""enemy"",""status"":""bleed"",""stacks"":4,""if"":{""p"":""hasStatus"",""of"":""target"",""status"":""bleed""}}]}","""physical""",0,,,
"""enterGorefire""","""Enter: Gorefire""","""reaver""","""common""",1,"""skill""",[],"""🔥""","[{""op"":""enterStance"",""stance"":""gorefire""},{""op"":""draw"",""amount"":1}]","""Enter Gorefire Stance. Draw {draw} card.""","{""cost"":0}",,,,,
"""enterBulwark""","""Enter: Bulwark""","""reaver""","""common""",1,"""skill""",[],"""🛡""","[{""op"":""enterStance"",""stance"":""bulwark""}]","""Enter Bulwark Stance.""","{""effects"":[{""op"":""enterStance"",""stance"":""bulwark""},{""op"":""block"",""target"":""self"",""amount"":3}],""textTemplate"":""Enter Bulwark Stance. Gain {block} extra Block.""}",,,,,
"""riposte""","""Riposte""","""reaver""","""common""",1,"""attack""",[],"""⚔""","[{""op"":""damage"",""target"":""enemy"",""amount"":6},{""op"":""poiseDamage"",""target"":""enemy"",""amount"":4,""if"":{""p"":""hasBlock"",""of"":""self""}}]","""Deal {damage} damage. If you have Block: deal {poiseDamage} Poise damage.""","{""effects"":[{""op"":""damage"",""target"":""enemy"",""amount"":8},{""op"":""poiseDamage"",""target"":""enemy"",""amount"":6,""if"":{""p"":""hasBlock"",""of"":""self""}}]}","""physical""",0,,,
"""rend""","""Rend""","""reaver""","""common""",1,"""attack""",[],"""🩸""","[{""op"":""damage"",""target"":""enemy"",""amount"":5},{""op"":""applyStatus"",""target"":""enemy"",""status"":""bleed"",""stacks"":2},{""op"":""applyStatus"",""target"":""enemy"",""status"":""bleed"",""stacks"":2,""if"":{""p"":""inStance"",""stance"":""gorefire""}}]","""Deal {damage} damage. Apply {bleed} Bleed. Gorefire: apply {bleed.2} more.""","{""effects"":[{""op"":""damage"",""target"":""enemy"",""amount"":7},{""op"":""applyStatus"",""target"":""enemy"",""status"":""bleed"",""stacks"":2},{""op"":""applyStatus"",""target"":""enemy"",""status"":""bleed"",""stacks"":2,""if"":{""p"":""inStance"",""stance"":""gorefire""}}]}","""physical""",0,,,
"""cleavingBlow""","""Cleaving Blow""","""reaver""","""common""",2,"""attack""",[],"""🪓""","[{""op"":""damage"",""target"":""allEnemies"",""amount"":7},{""op"":""poiseDamage"",""target"":""allEnemies"",""amount"":3}]","""Deal {damage} damage to ALL enemies. Deal {poiseDamage} Poise damage to ALL.""","{""effects"":[{""op"":""damage"",""target"":""allEnemies"",""amount"":9},{""op"":""poiseDamage"",""target"":""allEnemies"",""amount"":4}]}","""physical""",0,,,
"""stomp""","""Stomp""","""reaver""","""uncommon""",2,"""attack""",[],"""🦶""","[{""op"":""damage"",""target"":""enemy"",""amount"":12},{""op"":""poiseDamage"",""target"":""enemy"",""amount"":8}]","""Deal {damage} damage and {poiseDamage} Poise damage.""","{""effects"":[{""op"":""damage"",""target"":""enemy"",""amount"":16},{""op"":""poiseDamage"",""target"":""enemy"",""amount"":10}]}","""physical""",0,,,
"""rallyingStandard""","""Rallying Standard""","""reaver""","""uncommon""",1,"""power""",[],"""⚑""","[{""op"":""applyStatus"",""target"":""self"",""status"":""rallyingStandard"",""stacks"":{""f"":""add"",""args"":[1]}}]","""At the start of your turn, gain 1 Strength and take 1 damage.""","{""effects"":[{""op"":""applyStatus"",""target"":""self"",""status"":""rallyingStandardUp"",""stacks"":{""f"":""add"",""args"":[1]}}],""textTemplate"":""At the start of your turn, gain 1 Strength.""}",,,,,
"""warSurgeon""","""War Surgeon""","""reaver""","""uncommon""",1,"""skill""","[""exhaust""]","""⚕""","[{""op"":""heal"",""target"":""self"",""amount"":{""f"":""mul"",""args"":[2,{""f"":""stacks"",""status"":""bleed"",""of"":""allEnemies"",""per"":4}]}}]","""Heal 2 HP for every 4 Bleed on all enemies. Exhaust.""","{""effects"":[{""op"":""heal"",""target"":""self"",""amount"":{""f"":""mul"",""args"":[2,{""f"":""stacks"",""status"":""bleed"",""of"":""allEnemies"",""per"":3}]}}],""textTemplate"":""Heal 2 HP for every 3 Bleed on all enemies. Exhaust.""}",,,,,
"""hemorrhage""","""Hemorrhage""","""reaver""","""uncommon""",1,"""skill""","[""exhaust""]","""🩸""","[{""op"":""applyStatus"",""target"":""enemy"",""status"":""bleed"",""stacks"":{""f"":""stacks"",""status"":""bleed"",""of"":""target""}}]","""Double the target's Bleed. Exhaust.""","{""keywords"":[],""textTemplate"":""Double the target's Bleed.""}",,,,,
"""twinbladeFlurry""","""Twinblade Flurry""","""reaver""","""uncommon""",1,"""attack""",[],"""⚔""","[{""op"":""damage"",""target"":""enemy"",""amount"":3,""hits"":3}]","""Deal {damage} damage {hits} times.""","{""effects"":[{""op"":""damage"",""target"":""enemy"",""amount"":4,""hits"":3}]}","""physical""",0,,,
"""shieldwall""","""Shieldwall""","""reaver""","""uncommon""",2,"""skill""",[],"""🧱""","[{""op"":""block"",""target"":""self"",""amount"":12},{""op"":""applyStatus"",""target"":""self"",""status"":""bulwarkEcho"",""stacks"":{""f"":""add"",""args"":[1]},""if"":{""p"":""inStance"",""stance"":""bulwark""}}]","""Gain {block} Block. If in Bulwark Stance: gain 4 Block next turn.""","{""effects"":[{""op"":""block"",""target"":""self"",""amount"":16},{""op"":""applyStatus"",""target"":""self"",""status"":""bulwarkEcho"",""stacks"":{""f"":""add"",""args"":[1]},""if"":{""p"":""inStance"",""stance"":""bulwark""}}]}",,,,,
"""kickOff""","""Kick Off""","""reaver""","""uncommon""",0,"""attack""","[""exhaust""]","""🥾""","[{""op"":""damage"",""target"":""enemy"",""amount"":4},{""op"":""poiseDamage"",""target"":""enemy"",""amount"":3}]","""Deal {damage} damage and {poiseDamage} Poise damage. Exhaust.""","{""keywords"":[],""effects"":[{""op"":""damage"",""target"":""enemy"",""amount"":7},{""op"":""poiseDamage"",""target"":""enemy"",""amount"":3}],""textTemplate"":""Deal {damage} damage and {poiseDamage} Poise damage.""}","""physical""",0,,,
"""wardingLunge""","""Warding Lunge""","""reaver""","""uncommon""",1,"""skill""",[],"""🛡""","[{""op"":""block"",""target"":""self"",""amount"":8},{""op"":""enterStance"",""stance"":""gorefire""}]","""Gain {block} Block. Enter Gorefire Stance.""","{""effects"":[{""op"":""block"",""target"":""self"",""amount"":11},{""op"":""enterStance"",""stance"":""gorefire""}]}",,,,,
"""impale""","""Impale""","""reaver""","""uncommon""",2,"""attack""",[],"""🗡""","[{""op"":""damage"",""target"":""enemy"",""amount"":9},{""op"":""applyStatus"",""target"":""enemy"",""status"":""bleed"",""stacks"":6,""if"":{""p"":""hasStatus"",""of"":""target"",""status"":""staggered""}}]","""Deal {damage} damage. If the target is Staggered: apply {bleed} Bleed.""","{""effects"":[{""op"":""damage"",""target"":""enemy"",""amount"":12},{""op"":""applyStatus"",""target"":""enemy"",""status"":""bleed"",""stacks"":8,""if"":{""p"":""hasStatus"",""of"":""target"",""status"":""staggered""}}]}","""physical""",0,,,
"""warcry""","""Warcry""","""reaver""","""uncommon""",0,"""skill""","[""exhaust""]","""📣""","[{""op"":""applyStatus"",""target"":""self"",""status"":""strength"",""stacks"":1},{""op"":""draw"",""amount"":1}]","""Gain {strength} Strength. Draw {draw} card. Exhaust.""","{""keywords"":[],""textTemplate"":""Gain {strength} Strength. Draw {draw} card.""}",,,,,
"""executioner""","""Executioner""","""reaver""","""rare""",2,"""attack""",[],"""⚰""","[{""op"":""damage"",""target"":""enemy"",""amount"":10,""if"":{""p"":""not"",""pred"":{""p"":""hasStatus"",""of"":""target"",""status"":""staggered""}}},{""op"":""damage"",""target"":""enemy"",""amount"":25,""if"":{""p"":""hasStatus"",""of"":""target"",""status"":""staggered""}}]","""Deal {damage} damage. If the target is Staggered: deal {damage.2} instead.""","{""effects"":[{""op"":""damage"",""target"":""enemy"",""amount"":14,""if"":{""p"":""not"",""pred"":{""p"":""hasStatus"",""of"":""target"",""status"":""staggered""}}},{""op"":""damage"",""target"":""enemy"",""amount"":32,""if"":{""p"":""hasStatus"",""of"":""target"",""status"":""staggered""}}]}","""physical""",0,,,
"""goreblood""","""Goreblood""","""reaver""","""rare""",3,"""power""",[],"""♛""","[{""op"":""applyStatus"",""target"":""self"",""status"":""goreblood"",""stacks"":{""f"":""add"",""args"":[1]}}]","""Poise thresholds no longer increase after filling.""","{""cost"":2}",,,,,
"""unbreakable""","""Unbreakable""","""reaver""","""rare""",2,"""power""",[],"""⬟""","[{""op"":""applyStatus"",""target"":""self"",""status"":""unbreakable"",""stacks"":{""f"":""add"",""args"":[1]}}]","""Block no longer expires at the start of your turn. (Block capped at 30.)""","{""effects"":[{""op"":""applyStatus"",""target"":""self"",""status"":""unbreakableUp"",""stacks"":{""f"":""add"",""args"":[1]}}],""textTemplate"":""Block no longer expires at the start of your turn. (Block capped at 40.)""}",,,,,
"""stitchedArms""","""Stitched Arms""","""reaver""","""rare""","""X""","""attack""",[],"""🦾""","[{""op"":""damage"",""target"":""randomEnemy"",""amount"":6,""hits"":{""f"":""energySpent""}}]","""Deal {damage} damage to a random enemy once per Energy spent.""","{""effects"":[{""op"":""damage"",""target"":""randomEnemy"",""amount"":8,""hits"":{""f"":""energySpent""}}]}","""physical""",0,,,
"""lastStand""","""Last Stand""","""reaver""","""rare""",1,"""skill""","[""ethereal""]","""🕯""","[{""op"":""block"",""target"":""self"",""amount"":{""f"":""missingHp"",""of"":""self"",""max"":20}}]","""Ethereal. Gain Block equal to your missing HP (max 20).""","{""effects"":[{""op"":""block"",""target"":""self"",""amount"":{""f"":""missingHp"",""of"":""self"",""max"":30}}],""textTemplate"":""Ethereal. Gain Block equal to your missing HP (max 30).""}",,,,,
"""warriorsVow""","""Warrior's Vow""","""reaver""","""rare""",0,"""skill""","[""innate"",""exhaust""]","""📜""","[{""op"":""enterStance"",""stance"":""gorefire""}]","""Innate. Enter Gorefire Stance. Exhaust.""","{""effects"":[{""op"":""enterStance"",""stance"":""gorefire""},{""op"":""draw"",""amount"":1}],""textTemplate"":""Innate. Enter Gorefire Stance. Draw {draw} card. Exhaust.""}",,,,,
"""ruinousBlow""","""Ruinous Blow""","""reaver""","""rare""",3,"""attack""",[],"""🔨""","[{""op"":""damage"",""target"":""enemy"",""amount"":20},{""op"":""poiseDamage"",""target"":""enemy"",""amount"":12}]","""Deal {damage} damage and {poiseDamage} Poise damage.""","{""effects"":[{""op"":""damage"",""target"":""enemy"",""amount"":26},{""op"":""poiseDamage"",""target"":""enemy"",""amount"":14}]}","""physical""",0,,,
"""bloodhuntersStrike""","""Bloodhunter's Strike""","""reaver""","""rare""",1,"""attack""",[],"""🩸""","[{""op"":""damage"",""target"":""enemy"",""amount"":4},{""op"":""damage"",""target"":""enemy"",""amount"":{""f"":""stacks"",""status"":""bleed"",""of"":""target""}}]","""Deal {damage} damage, plus 1 for each Bleed on the target.""","{""effects"":[{""op"":""damage"",""target"":""enemy"",""amount"":6},{""op"":""damage"",""target"":""enemy"",""amount"":{""f"":""stacks"",""status"":""bleed"",""of"":""target""}}]}","""physical""",0,,,
"""sanguinePactCard""","""Sanguine Pact""","""reaver""","""rare""",2,"""power""",[],"""🩸""","[{""op"":""applyStatus"",""target"":""self"",""status"":""sanguinePact"",""stacks"":{""f"":""add"",""args"":[1]}}]","""Whenever Bleed bursts on an enemy, gain 2 Strength.""","{""cost"":1}",,,,,
"""goreslash""","""Goreslash""","""reaver""","""common""",1,"""attack""",[],"""🩸""","[{""op"":""damage"",""target"":""enemy"",""amount"":6},{""op"":""applyStatus"",""target"":""enemy"",""status"":""bleed"",""stacks"":2}]","""Deal {damage} damage. Apply {bleed} Bleed.""","{""effects"":[{""op"":""damage"",""target"":""enemy"",""amount"":8},{""op"":""applyStatus"",""target"":""enemy"",""status"":""bleed"",""stacks"":2}]}","""physical""",0,,,
"""bracingStance""","""Bracing Stance""","""reaver""","""common""",1,"""skill""",[],"""🛡""","[{""op"":""block"",""target"":""self"",""amount"":6},{""op"":""block"",""target"":""self"",""amount"":3,""if"":{""p"":""inStance"",""stance"":""bulwark""}}]","""Gain {block} Block. If in Bulwark Stance: gain {block.2} more.""","{""effects"":[{""op"":""block"",""target"":""self"",""amount"":8},{""op"":""block"",""target"":""self"",""amount"":4,""if"":{""p"":""inStance"",""stance"":""bulwark""}}]}",,,,,
"""flameToBlade""","""Flame to Blade""","""reaver""","""uncommon""",2,"""attack""",[],"""🔥""","[{""op"":""damage"",""target"":""enemy"",""amount"":8},{""op"":""damage"",""target"":""enemy"",""amount"":6,""if"":{""p"":""inStance"",""stance"":""gorefire""}},{""op"":""enterStance"",""stance"":""gorefire""}]","""Deal {damage} damage. If already in Gorefire Stance: deal {damage.2} more. Enter Gorefire Stance.""","{""effects"":[{""op"":""damage"",""target"":""enemy"",""amount"":10},{""op"":""damage"",""target"":""enemy"",""amount"":8,""if"":{""p"":""inStance"",""stance"":""gorefire""}},{""op"":""enterStance"",""stance"":""gorefire""}]}","""physical""",0,,,
"""ironVowCard""","""Iron Vow""","""reaver""","""uncommon""",1,"""power""",[],"""⛓""","[{""op"":""applyStatus"",""target"":""self"",""status"":""ironVow"",""stacks"":{""f"":""add"",""args"":[1]}}]","""Whenever you lose HP, gain 3 Block.""","{""cost"":0}",,,,,
"""bloodTithe""","""Blood Tithe""","""reaver""","""rare""",2,"""attack""",[],"""🗡""","[{""op"":""damage"",""target"":""enemy"",""amount"":6},{""op"":""damage"",""target"":""enemy"",""amount"":{""f"":""mul"",""args"":[2,{""f"":""stacks"",""status"":""bleed"",""of"":""target""}]}}]","""Deal {damage} damage, plus double the Bleed on the target.""","{""effects"":[{""op"":""damage"",""target"":""enemy"",""amount"":9},{""op"":""damage"",""target"":""enemy"",""amount"":{""f"":""mul"",""args"":[2,{""f"":""stacks"",""status"":""bleed"",""of"":""target""}]}}]}","""physical""",0,,,
"""poiseBreaker""","""Poise Breaker""","""reaver""","""rare""",2,"""attack""",[],"""🔨""","[{""op"":""damage"",""target"":""enemy"",""amount"":11},{""op"":""poiseDamage"",""target"":""enemy"",""amount"":10},{""op"":""poiseDamage"",""target"":""enemy"",""amount"":8,""if"":{""p"":""hasStatus"",""of"":""target"",""status"":""staggered""}}]","""Deal {damage} damage and {poiseDamage} Poise damage. If the target is Staggered: deal {poiseDamage.2} more Poise damage.""","{""effects"":[{""op"":""damage"",""target"":""enemy"",""amount"":14},{""op"":""poiseDamage"",""target"":""enemy"",""amount"":12},{""op"":""poiseDamage"",""target"":""enemy"",""amount"":10,""if"":{""p"":""hasStatus"",""of"":""target"",""status"":""staggered""}}]}","""physical""",0,,,
"""rondelParry""","""Rondel Parry""","""reaver""","""common""",1,"""skill""",[],"""🗡""","[{""op"":""block"",""target"":""self"",""amount"":5},{""op"":""poiseDamage"",""target"":""enemy"",""amount"":5}]","""Gain {block} Block and deal {poiseDamage} Poise damage.""","{""effects"":[{""op"":""block"",""target"":""self"",""amount"":7},{""op"":""poiseDamage"",""target"":""enemy"",""amount"":7}]}",,,,,
"""sunderplate""","""Sunderplate""","""reaver""","""uncommon""",2,"""attack""",[],"""⚒""","[{""op"":""damage"",""target"":""enemy"",""amount"":9},{""op"":""poiseDamage"",""target"":""enemy"",""amount"":10},{""op"":""applyStatus"",""target"":""enemy"",""status"":""bleed"",""stacks"":3,""if"":{""p"":""hasStatus"",""of"":""target"",""status"":""staggered""}}]","""Deal {damage} damage and {poiseDamage} Poise damage. If the target is Staggered: apply {bleed} Bleed.""","{""effects"":[{""op"":""damage"",""target"":""enemy"",""amount"":12},{""op"":""poiseDamage"",""target"":""enemy"",""amount"":13},{""op"":""applyStatus"",""target"":""enemy"",""status"":""bleed"",""stacks"":4,""if"":{""p"":""hasStatus"",""of"":""target"",""status"":""staggered""}}]}","""physical""",0,,,
"""starstonePebble""","""Starstone Pebble""","""starseer""","""starter""",1,"""attack""",[],"""💎""","[{""op"":""damage"",""target"":""enemy"",""amount"":6},{""op"":""damage"",""target"":""enemy"",""amount"":3,""if"":{""p"":""hasStatus"",""of"":""self"",""status"":""starstoneCharge""}},{""op"":""applyStatus"",""target"":""self"",""status"":""starstoneCharge"",""stacks"":{""f"":""add"",""args"":[1]}}]","""Deal {damage} damage. Starstone: deal {damage.2} more.""","{""effects"":[{""op"":""damage"",""target"":""enemy"",""amount"":8},{""op"":""damage"",""target"":""enemy"",""amount"":5,""if"":{""p"":""hasStatus"",""of"":""self"",""status"":""starstoneCharge""}},{""op"":""applyStatus"",""target"":""self"",""status"":""starstoneCharge"",""stacks"":{""f"":""add"",""args"":[1]}}]}","""magic""",1,,1,
"""cometFragment""","""Comet Fragment""","""starseer""","""common""",0,"""attack""",[],"""☄""","[{""op"":""damage"",""target"":""enemy"",""amount"":3},{""op"":""applyStatus"",""target"":""self"",""status"":""starstoneCharge"",""stacks"":{""f"":""add"",""args"":[1]}}]","""Deal {damage} damage.""","{""effects"":[{""op"":""damage"",""target"":""enemy"",""amount"":5},{""op"":""applyStatus"",""target"":""self"",""status"":""starstoneCharge"",""stacks"":{""f"":""add"",""args"":[1]}}]}","""magic""",1,,,
"""starbladePhalanx""","""Starblade Phalanx""","""starseer""","""common""",1,"""attack""",[],"""🗡""","[{""op"":""damage"",""target"":""enemy"",""amount"":4},{""op"":""damage"",""target"":""enemy"",""amount"":4,""if"":{""p"":""hasStatus"",""of"":""self"",""status"":""starstoneCharge""}},{""op"":""applyStatus"",""target"":""self"",""status"":""starstoneCharge"",""stacks"":{""f"":""add"",""args"":[1]}}]","""Deal {damage} damage. Starstone: deal {damage.2} again.""","{""effects"":[{""op"":""damage"",""target"":""enemy"",""amount"":6},{""op"":""damage"",""target"":""enemy"",""amount"":6,""if"":{""p"":""hasStatus"",""of"":""self"",""status"":""starstoneCharge""}},{""op"":""applyStatus"",""target"":""self"",""status"":""starstoneCharge"",""stacks"":{""f"":""add"",""args"":[1]}}]}","""magic""",1,,,
"""crystalBarrier""","""Crystal Barrier""","""starseer""","""common""",1,"""skill""",[],"""🔷""","[{""op"":""block"",""target"":""self"",""amount"":5},{""op"":""block"",""target"":""self"",""amount"":4,""if"":{""p"":""hasStatus"",""of"":""self"",""status"":""starstoneCharge""}},{""op"":""applyStatus"",""target"":""self"",""status"":""starstoneCharge"",""stacks"":{""f"":""add"",""args"":[1]}}]","""Gain {block} Block. Starstone: {block.2} more.""","{""effects"":[{""op"":""block"",""target"":""self"",""amount"":7},{""op"":""block"",""target"":""self"",""amount"":5,""if"":{""p"":""hasStatus"",""of"":""self"",""status"":""starstoneCharge""}},{""op"":""applyStatus"",""target"":""self"",""status"":""starstoneCharge"",""stacks"":{""f"":""add"",""args"":[1]}}]}",,,,,
"""starShower""","""Star Shower""","""starseer""","""common""",2,"""attack""",[],"""🌠""","[{""op"":""damage"",""target"":""enemy"",""amount"":3,""hits"":3},{""op"":""damage"",""target"":""enemy"",""amount"":3,""if"":{""p"":""hasStatus"",""of"":""self"",""status"":""starstoneCharge""}},{""op"":""applyStatus"",""target"":""self"",""status"":""starstoneCharge"",""stacks"":{""f"":""add"",""args"":[1]}}]","""Deal {damage} damage {hits} times. Starstone: one more hit of {damage.2}.""","{""effects"":[{""op"":""damage"",""target"":""enemy"",""amount"":4,""hits"":3},{""op"":""damage"",""target"":""enemy"",""amount"":4,""if"":{""p"":""hasStatus"",""of"":""self"",""status"":""starstoneCharge""}},{""op"":""applyStatus"",""target"":""self"",""status"":""starstoneCharge"",""stacks"":{""f"":""add"",""args"":[1]}}]}","""magic""",1,,,
"""scholarsInsight""","""Scholar's Insight""","""starseer""","""common""",1,"""skill""",[],"""📖""","[{""op"":""draw"",""amount"":2},{""op"":""applyStatus"",""target"":""self"",""status"":""starstoneCharge"",""stacks"":{""f"":""add"",""args"":[1]}}]","""Draw {draw} cards.""","{""effects"":[{""op"":""draw"",""amount"":3},{""op"":""applyStatus"",""target"":""self"",""status"":""starstoneCharge"",""stacks"":{""f"":""add"",""args"":[1]}}]}",,,,,
"""frostVeil""","""Frost Veil""","""starseer""","""common""",1,"""skill""",[],"""🌫""","[{""op"":""block"",""target"":""self"",""amount"":4},{""op"":""applyStatus"",""target"":""enemy"",""status"":""frost"",""stacks"":3},{""op"":""applyStatus"",""target"":""self"",""status"":""starstoneCharge"",""stacks"":{""f"":""add"",""args"":[1]}}]","""Gain {block} Block. Apply {frost} Frost.""","{""effects"":[{""op"":""block"",""target"":""self"",""amount"":6},{""op"":""applyStatus"",""target"":""enemy"",""status"":""frost"",""stacks"":4},{""op"":""applyStatus"",""target"":""self"",""status"":""starstoneCharge"",""stacks"":{""f"":""add"",""args"":[1]}}]}",,,,,
"""starSlicer""","""Star Slicer""","""starseer""","""common""",1,"""attack""",[],"""🌠""","[{""op"":""damage"",""target"":""enemy"",""amount"":4,""hits"":2},{""op"":""damage"",""target"":""enemy"",""amount"":4,""if"":{""p"":""hasStatus"",""of"":""self"",""status"":""starstoneCharge""}},{""op"":""applyStatus"",""target"":""self"",""status"":""starstoneCharge"",""stacks"":{""f"":""add"",""args"":[1]}}]","""Deal {damage} damage {hits} times. Starstone: one more hit of {damage.2}.""","{""effects"":[{""op"":""damage"",""target"":""enemy"",""amount"":5,""hits"":2},{""op"":""damage"",""target"":""enemy"",""amount"":5,""if"":{""p"":""hasStatus"",""of"":""self"",""status"":""starstoneCharge""}},{""op"":""applyStatus"",""target"":""self"",""status"":""starstoneCharge"",""stacks"":{""f"":""add"",""args"":[1]}}]}","""magic""",1,,,
"""starstoneWard""","""Starstone Ward""","""starseer""","""common""",1,"""skill""",[],"""🔰""","[{""op"":""block"",""target"":""self"",""amount"":4},{""op"":""applyStatus"",""target"":""enemy"",""status"":""weak"",""stacks"":1,""if"":{""p"":""hasStatus"",""of"":""self"",""status"":""starstoneCharge""}},{""op"":""applyStatus"",""target"":""self"",""status"":""starstoneCharge"",""stacks"":{""f"":""add"",""args"":[1]}}]","""Gain {block} Block. Starstone: apply {weak} Weak.""","{""effects"":[{""op"":""block"",""target"":""self"",""amount"":6},{""op"":""applyStatus"",""target"":""enemy"",""status"":""weak"",""stacks"":1,""if"":{""p"":""hasStatus"",""of"":""self"",""status"":""starstoneCharge""}},{""op"":""applyStatus"",""target"":""self"",""status"":""starstoneCharge"",""stacks"":{""f"":""add"",""args"":[1]}}]}",,,,,
"""starlance""","""Starlance""","""starseer""","""common""",2,"""attack""",[],"""🏹""","[{""op"":""damage"",""target"":""enemy"",""amount"":9,""if"":{""p"":""not"",""pred"":{""p"":""hasStatus"",""of"":""self"",""status"":""starstoneCharge""}}},{""op"":""damage"",""target"":""enemy"",""amount"":13,""if"":{""p"":""hasStatus"",""of"":""self"",""status"":""starstoneCharge""}},{""op"":""applyStatus"",""target"":""self"",""status"":""starstoneCharge"",""stacks"":{""f"":""add"",""args"":[1]}}]","""Deal {damage} damage. Starstone: {damage.2} instead.""","{""effects"":[{""op"":""damage"",""target"":""enemy"",""amount"":12,""if"":{""p"":""not"",""pred"":{""p"":""hasStatus"",""of"":""self"",""status"":""starstoneCharge""}}},{""op"":""damage"",""target"":""enemy"",""amount"":17,""if"":{""p"":""hasStatus"",""of"":""self"",""status"":""starstoneCharge""}},{""op"":""applyStatus"",""target"":""self"",""status"":""starstoneCharge"",""stacks"":{""f"":""add"",""args"":[1]}}]}","""magic""",1,,,
"""twinkling""","""Twinkling""","""starseer""","""common""",0,"""skill""",[],"""✨""","[{""op"":""draw"",""amount"":1},{""op"":""gainEnergy"",""amount"":1,""if"":{""p"":""hasStatus"",""of"":""self"",""status"":""starstoneCharge""}},{""op"":""applyStatus"",""target"":""self"",""status"":""starstoneCharge"",""stacks"":{""f"":""add"",""args"":[1]}}]","""Draw {draw} card. Starstone: gain {gainEnergy} Energy.""","{""effects"":[{""op"":""draw"",""amount"":2},{""op"":""gainEnergy"",""amount"":1,""if"":{""p"":""hasStatus"",""of"":""self"",""status"":""starstoneCharge""}},{""op"":""applyStatus"",""target"":""self"",""status"":""starstoneCharge"",""stacks"":{""f"":""add"",""args"":[1]}}]}",,,,,
"""frostNova""","""Frost Nova""","""starseer""","""common""",1,"""attack""",[],"""❄""","[{""op"":""damage"",""target"":""enemy"",""amount"":4},{""op"":""applyStatus"",""target"":""enemy"",""status"":""frost"",""stacks"":4},{""op"":""applyStatus"",""target"":""enemy"",""status"":""frost"",""stacks"":3,""if"":{""p"":""hasStatus"",""of"":""self"",""status"":""starstoneCharge""}},{""op"":""applyStatus"",""target"":""self"",""status"":""starstoneCharge"",""stacks"":{""f"":""add"",""args"":[1]}}]","""Deal {damage} damage. Apply {frost} Frost. Starstone: apply {frost.2} more.""","{""effects"":[{""op"":""damage"",""target"":""enemy"",""amount"":6},{""op"":""applyStatus"",""target"":""enemy"",""status"":""frost"",""stacks"":5},{""op"":""applyStatus"",""target"":""enemy"",""status"":""frost"",""stacks"":4,""if"":{""p"":""hasStatus"",""of"":""self"",""status"":""starstoneCharge""}},{""op"":""applyStatus"",""target"":""self"",""status"":""starstoneCharge"",""stacks"":{""f"":""add"",""args"":[1]}}]}","""magic""",1,,,
"""starstoneArc""","""Starstone Arc""","""starseer""","""uncommon""",1,"""attack""",[],"""⚡""","[{""op"":""damage"",""target"":""enemy"",""amount"":7},{""op"":""applyStatus"",""target"":""enemy"",""status"":""vulnerable"",""stacks"":1,""if"":{""p"":""hasStatus"",""of"":""self"",""status"":""starstoneCharge""}},{""op"":""applyStatus"",""target"":""self"",""status"":""starstoneCharge"",""stacks"":{""f"":""add"",""args"":[1]}}]","""Deal {damage} damage. Starstone: apply {vulnerable} Vulnerable.""","{""effects"":[{""op"":""damage"",""target"":""enemy"",""amount"":9},{""op"":""applyStatus"",""target"":""enemy"",""status"":""vulnerable"",""stacks"":2,""if"":{""p"":""hasStatus"",""of"":""self"",""status"":""starstoneCharge""}},{""op"":""applyStatus"",""target"":""self"",""status"":""starstoneCharge"",""stacks"":{""f"":""add"",""args"":[1]}}]}","""magic""",1,,,
"""lucidity""","""Lucidity""","""starseer""","""uncommon""",1,"""skill""",[],"""🌙""","[{""op"":""gainEnergy"",""amount"":1},{""op"":""draw"",""amount"":1},{""op"":""applyStatus"",""target"":""self"",""status"":""starstoneCharge"",""stacks"":{""f"":""add"",""args"":[1]}}]","""Gain {gainEnergy} Energy. Draw {draw} card.""","{""effects"":[{""op"":""gainEnergy"",""amount"":1},{""op"":""draw"",""amount"":2},{""op"":""applyStatus"",""target"":""self"",""status"":""starstoneCharge"",""stacks"":{""f"":""add"",""args"":[1]}}]}",,,,,
"""stargazerCard""","""Stargazer""","""starseer""","""uncommon""",1,"""power""",[],"""🔭""","[{""op"":""applyStatus"",""target"":""self"",""status"":""stargazer"",""stacks"":{""f"":""add"",""args"":[1]}}]","""At the start of your turn, gain Starstone Charge.""","{""cost"":0}",,,,,
"""astralArmorCard""","""Astral Armor""","""starseer""","""uncommon""",1,"""power""",[],"""🌌""","[{""op"":""applyStatus"",""target"":""self"",""status"":""astralArmor"",""stacks"":{""f"":""add"",""args"":[1]}}]","""At the end of your turn, gain 4 Block.""","{""effects"":[{""op"":""applyStatus"",""target"":""self"",""status"":""astralArmor"",""stacks"":{""f"":""add"",""args"":[2]}}],""textTemplate"":""At the end of your turn, gain 8 Block.""}",,,,,
"""moonrendCut""","""Moonrend Cut""","""starseer""","""uncommon""",2,"""attack""",[],"""🌒""","[{""op"":""damage"",""target"":""enemy"",""amount"":8},{""op"":""poiseDamage"",""target"":""enemy"",""amount"":6},{""op"":""applyStatus"",""target"":""self"",""status"":""starstoneCharge"",""stacks"":{""f"":""add"",""args"":[1]}}]","""Deal {damage} damage and {poiseDamage} Poise damage.""","{""effects"":[{""op"":""damage"",""target"":""enemy"",""amount"":11},{""op"":""poiseDamage"",""target"":""enemy"",""amount"":8},{""op"":""applyStatus"",""target"":""self"",""status"":""starstoneCharge"",""stacks"":{""f"":""add"",""args"":[1]}}]}","""magic""",1,,,
"""meteorite""","""Meteorite""","""starseer""","""uncommon""",3,"""attack""",[],"""🪨""","[{""op"":""damage"",""target"":""enemy"",""amount"":18,""if"":{""p"":""not"",""pred"":{""p"":""hasStatus"",""of"":""self"",""status"":""starstoneCharge""}}},{""op"":""damage"",""target"":""enemy"",""amount"":24,""if"":{""p"":""hasStatus"",""of"":""self"",""status"":""starstoneCharge""}},{""op"":""applyStatus"",""target"":""self"",""status"":""starstoneCharge"",""stacks"":{""f"":""add"",""args"":[1]}}]","""Deal {damage} damage. Starstone: {damage.2} instead.""","{""effects"":[{""op"":""damage"",""target"":""enemy"",""amount"":22,""if"":{""p"":""not"",""pred"":{""p"":""hasStatus"",""of"":""self"",""status"":""starstoneCharge""}}},{""op"":""damage"",""target"":""enemy"",""amount"":30,""if"":{""p"":""hasStatus"",""of"":""self"",""status"":""starstoneCharge""}},{""op"":""applyStatus"",""target"":""self"",""status"":""starstoneCharge"",""stacks"":{""f"":""add"",""args"":[1]}}]}","""magic""",1,,,
"""meteorSwarm""","""Meteor Swarm""","""starseer""","""uncommon""",2,"""attack""",[],"""☄""","[{""op"":""damage"",""target"":""allEnemies"",""amount"":5},{""op"":""damage"",""target"":""allEnemies"",""amount"":5,""if"":{""p"":""hasStatus"",""of"":""self"",""status"":""starstoneCharge""}},{""op"":""applyStatus"",""target"":""self"",""status"":""starstoneCharge"",""stacks"":{""f"":""add"",""args"":[1]}}]","""Deal {damage} damage to ALL enemies. Starstone: {damage.2} again.""","{""effects"":[{""op"":""damage"",""target"":""allEnemies"",""amount"":7},{""op"":""damage"",""target"":""allEnemies"",""amount"":7,""if"":{""p"":""hasStatus"",""of"":""self"",""status"":""starstoneCharge""}},{""op"":""applyStatus"",""target"":""self"",""status"":""starstoneCharge"",""stacks"":{""f"":""add"",""args"":[1]}}]}","""magic""",1,,,
"""gravityWell""","""Gravity Well""","""starseer""","""uncommon""",2,"""skill""",[],"""🕳""","[{""op"":""applyStatus"",""target"":""allEnemies"",""status"":""vulnerable"",""stacks"":2},{""op"":""applyStatus"",""target"":""allEnemies"",""status"":""weak"",""stacks"":1,""if"":{""p"":""hasStatus"",""of"":""self"",""status"":""starstoneCharge""}},{""op"":""applyStatus"",""target"":""self"",""status"":""starstoneCharge"",""stacks"":{""f"":""add"",""args"":[1]}}]","""Apply {vulnerable} Vulnerable to ALL enemies. Starstone: apply {weak} Weak to ALL.""","{""effects"":[{""op"":""applyStatus"",""target"":""allEnemies"",""status"":""vulnerable"",""stacks"":3},{""op"":""applyStatus"",""target"":""allEnemies"",""status"":""weak"",""stacks"":1,""if"":{""p"":""hasStatus"",""of"":""self"",""status"":""starstoneCharge""}},{""op"":""applyStatus"",""target"":""self"",""status"":""starstoneCharge"",""stacks"":{""f"":""add"",""args"":[1]}}]}",,,,,
"""azureCoilCard""","""Azure Coil""","""starseer""","""uncommon""",1,"""power""",[],"""🌀""","[{""op"":""applyStatus"",""target"":""self"",""status"":""azureCoil"",""stacks"":{""f"":""add"",""args"":[1]}}]","""Whenever you play a Skill, gain 2 Block.""","{""cost"":0}",,,,,
"""astralCleave""","""Astral Cleave""","""starseer""","""uncommon""",2,"""attack""",[],"""⚔""","[{""op"":""damage"",""target"":""enemy"",""amount"":10},{""op"":""poiseDamage"",""target"":""enemy"",""amount"":8},{""op"":""damage"",""target"":""enemy"",""amount"":5,""if"":{""p"":""hasStatus"",""of"":""self"",""status"":""starstoneCharge""}},{""op"":""applyStatus"",""target"":""self"",""status"":""starstoneCharge"",""stacks"":{""f"":""add"",""args"":[1]}}]","""Deal {damage} damage and {poiseDamage} Poise damage. Starstone: deal {damage.2} more.""","{""effects"":[{""op"":""damage"",""target"":""enemy"",""amount"":13},{""op"":""poiseDamage"",""target"":""enemy"",""amount"":10},{""op"":""damage"",""target"":""enemy"",""amount"":5,""if"":{""p"":""hasStatus"",""of"":""self"",""status"":""starstoneCharge""}},{""op"":""applyStatus"",""target"":""self"",""status"":""starstoneCharge"",""stacks"":{""f"":""add"",""args"":[1]}}]}","""magic""",1,,,
"""radiantSpray""","""Radiant Spray""","""starseer""","""uncommon""",2,"""attack""",[],"""🎇""","[{""op"":""damage"",""target"":""allEnemies"",""amount"":4},{""op"":""applyStatus"",""target"":""allEnemies"",""status"":""vulnerable"",""stacks"":1},{""op"":""damage"",""target"":""allEnemies"",""amount"":4,""if"":{""p"":""hasStatus"",""of"":""self"",""status"":""starstoneCharge""}},{""op"":""applyStatus"",""target"":""self"",""status"":""starstoneCharge"",""stacks"":{""f"":""add"",""args"":[1]}}]","""Deal {damage} to ALL enemies. Apply {vulnerable} Vulnerable to ALL. Starstone: deal {damage.2} to ALL again.""","{""effects"":[{""op"":""damage"",""target"":""allEnemies"",""amount"":6},{""op"":""applyStatus"",""target"":""allEnemies"",""status"":""vulnerable"",""stacks"":1},{""op"":""damage"",""target"":""allEnemies"",""amount"":6,""if"":{""p"":""hasStatus"",""of"":""self"",""status"":""starstoneCharge""}},{""op"":""applyStatus"",""target"":""self"",""status"":""starstoneCharge"",""stacks"":{""f"":""add"",""args"":[1]}}]}","""magic""",1,,,
"""supernova""","""Supernova""","""starseer""","""rare""","""X""","""attack""",[],"""💥""","[{""op"":""damage"",""target"":""allEnemies"",""amount"":8,""hits"":{""f"":""energySpent""}},{""op"":""applyStatus"",""target"":""self"",""status"":""starstoneCharge"",""stacks"":{""f"":""add"",""args"":[1]}}]","""Deal {damage} damage to ALL enemies once per Energy spent.""","{""effects"":[{""op"":""damage"",""target"":""allEnemies"",""amount"":10,""hits"":{""f"":""energySpent""}},{""op"":""applyStatus"",""target"":""self"",""status"":""starstoneCharge"",""stacks"":{""f"":""add"",""args"":[1]}}]}","""magic""",1,,,
"""timeDilation""","""Time Dilation""","""starseer""","""rare""",2,"""skill""","[""exhaust""]","""⏳""","[{""op"":""gainEnergy"",""amount"":2},{""op"":""draw"",""amount"":3},{""op"":""applyStatus"",""target"":""self"",""status"":""starstoneCharge"",""stacks"":{""f"":""add"",""args"":[1]}}]","""Gain {gainEnergy} Energy. Draw {draw} cards. Exhaust.""","{""keywords"":[],""textTemplate"":""Gain {gainEnergy} Energy. Draw {draw} cards.""}",,,,,
"""starstoneKris""","""Starstone Kris""","""starseer""","""rare""",1,"""attack""",[],"""🔪""","[{""op"":""damage"",""target"":""enemy"",""amount"":5},{""op"":""draw"",""amount"":1,""if"":{""p"":""hasStatus"",""of"":""self"",""status"":""starstoneCharge""}},{""op"":""damage"",""target"":""enemy"",""amount"":5,""if"":{""p"":""hasStatus"",""of"":""self"",""status"":""starstoneCharge""}},{""op"":""applyStatus"",""target"":""self"",""status"":""starstoneCharge"",""stacks"":{""f"":""add"",""args"":[1]}}]","""Deal {damage} damage. Starstone: draw {draw} card and deal {damage.2} again.""","{""effects"":[{""op"":""damage"",""target"":""enemy"",""amount"":7},{""op"":""draw"",""amount"":1,""if"":{""p"":""hasStatus"",""of"":""self"",""status"":""starstoneCharge""}},{""op"":""damage"",""target"":""enemy"",""amount"":7,""if"":{""p"":""hasStatus"",""of"":""self"",""status"":""starstoneCharge""}},{""op"":""applyStatus"",""target"":""self"",""status"":""starstoneCharge"",""stacks"":{""f"":""add"",""args"":[1]}}]}","""magic""",1,,,
"""constellationCard""","""Constellation""","""starseer""","""rare""",2,"""power""",[],"""💫""","[{""op"":""applyStatus"",""target"":""self"",""status"":""constellation"",""stacks"":{""f"":""add"",""args"":[1]}}]","""Whenever you gain Starstone Charge, deal 4 damage to a random enemy.""","{""cost"":1}",,,,,
"""starfallBeam""","""Starfall Beam""","""starseer""","""rare""",3,"""attack""",[],"""🔆""","[{""op"":""damage"",""target"":""allEnemies"",""amount"":12,""if"":{""p"":""not"",""pred"":{""p"":""hasStatus"",""of"":""self"",""status"":""starstoneCharge""}}},{""op"":""damage"",""target"":""allEnemies"",""amount"":20,""if"":{""p"":""hasStatus"",""of"":""self"",""status"":""starstoneCharge""}},{""op"":""applyStatus"",""target"":""self"",""status"":""starstoneCharge"",""stacks"":{""f"":""add"",""args"":[1]}}]","""Deal {damage} damage to ALL enemies. Starstone: {damage.2} instead.""","{""effects"":[{""op"":""damage"",""target"":""allEnemies"",""amount"":16,""if"":{""p"":""not"",""pred"":{""p"":""hasStatus"",""of"":""self"",""status"":""starstoneCharge""}}},{""op"":""damage"",""target"":""allEnemies"",""amount"":26,""if"":{""p"":""hasStatus"",""of"":""self"",""status"":""starstoneCharge""}},{""op"":""applyStatus"",""target"":""self"",""status"":""starstoneCharge"",""stacks"":{""f"":""add"",""args"":[1]}}]}","""magic""",1,,,
"""starcaller""","""Starcaller""","""starseer""","""rare""","""X""","""attack""",[],"""⭐""","[{""op"":""damage"",""target"":""enemy"",""amount"":6,""hits"":{""f"":""energySpent""}},{""op"":""damage"",""target"":""enemy"",""amount"":8,""if"":{""p"":""hasStatus"",""of"":""self"",""status"":""starstoneCharge""}},{""op"":""applyStatus"",""target"":""self"",""status"":""starstoneCharge"",""stacks"":{""f"":""add"",""args"":[1]}}]","""Deal {damage} damage once per Energy spent. Starstone: deal {damage.2} more.""","{""effects"":[{""op"":""damage"",""target"":""enemy"",""amount"":8,""hits"":{""f"":""energySpent""}},{""op"":""damage"",""target"":""enemy"",""amount"":10,""if"":{""p"":""hasStatus"",""of"":""self"",""status"":""starstoneCharge""}},{""op"":""applyStatus"",""target"":""self"",""status"":""starstoneCharge"",""stacks"":{""f"":""add"",""args"":[1]}}]}","""magic""",1,,,
"""umbralWard""","""Umbral Ward""","""starseer""","""rare""",2,"""skill""",[],"""🌑""","[{""op"":""block"",""target"":""self"",""amount"":20,""if"":{""p"":""not"",""pred"":{""p"":""hasStatus"",""of"":""self"",""status"":""starstoneCharge""}}},{""op"":""block"",""target"":""self"",""amount"":30,""if"":{""p"":""hasStatus"",""of"":""self"",""status"":""starstoneCharge""}},{""op"":""applyStatus"",""target"":""self"",""status"":""starstoneCharge"",""stacks"":{""f"":""add"",""args"":[1]}}]","""Gain {block} Block. Starstone: {block.2} instead.""","{""effects"":[{""op"":""block"",""target"":""self"",""amount"":26,""if"":{""p"":""not"",""pred"":{""p"":""hasStatus"",""of"":""self"",""status"":""starstoneCharge""}}},{""op"":""block"",""target"":""self"",""amount"":38,""if"":{""p"":""hasStatus"",""of"":""self"",""status"":""starstoneCharge""}},{""op"":""applyStatus"",""target"":""self"",""status"":""starstoneCharge"",""stacks"":{""f"":""add"",""args"":[1]}}]}",,,,,
"""waxingMoonCard""","""Waxing Moon""","""starseer""","""rare""",2,"""power""",[],"""🌕""","[{""op"":""applyStatus"",""target"":""self"",""status"":""waxingMoon"",""stacks"":{""f"":""add"",""args"":[1]}}]","""At the start of your turn, apply 2 Vulnerable to ALL enemies.""","{""cost"":1}",,,,,
"""shootingShard""","""Shooting Shard""","""starseer""","""common""",0,"""attack""",[],"""💫""","[{""op"":""damage"",""target"":""enemy"",""amount"":4},{""op"":""damage"",""target"":""enemy"",""amount"":3,""if"":{""p"":""hasStatus"",""of"":""self"",""status"":""starstoneCharge""}},{""op"":""applyStatus"",""target"":""self"",""status"":""starstoneCharge"",""stacks"":{""f"":""add"",""args"":[1]}}]","""Deal {damage} damage. Starstone: deal {damage.2} more.""","{""effects"":[{""op"":""damage"",""target"":""enemy"",""amount"":5},{""op"":""damage"",""target"":""enemy"",""amount"":4,""if"":{""p"":""hasStatus"",""of"":""self"",""status"":""starstoneCharge""}},{""op"":""applyStatus"",""target"":""self"",""status"":""starstoneCharge"",""stacks"":{""f"":""add"",""args"":[1]}}]}","""magic""",1,,,
"""wardingStar""","""Warding Star""","""starseer""","""common""",1,"""skill""",[],"""⭐""","[{""op"":""block"",""target"":""self"",""amount"":6},{""op"":""draw"",""amount"":1,""if"":{""p"":""hasStatus"",""of"":""self"",""status"":""starstoneCharge""}},{""op"":""applyStatus"",""target"":""self"",""status"":""starstoneCharge"",""stacks"":{""f"":""add"",""args"":[1]}}]","""Gain {block} Block. Starstone: draw {draw} card.""","{""effects"":[{""op"":""block"",""target"":""self"",""amount"":8},{""op"":""draw"",""amount"":1,""if"":{""p"":""hasStatus"",""of"":""self"",""status"":""starstoneCharge""}},{""op"":""applyStatus"",""target"":""self"",""status"":""starstoneCharge"",""stacks"":{""f"":""add"",""args"":[1]}}]}",,,,,
"""starPath""","""Star Path""","""starseer""","""uncommon""",1,"""skill""",[],"""🌌""","[{""op"":""draw"",""amount"":1},{""op"":""draw"",""amount"":1,""if"":{""p"":""hasStatus"",""of"":""self"",""status"":""starstoneCharge""}},{""op"":""applyStatus"",""target"":""self"",""status"":""starstoneCharge"",""stacks"":{""f"":""add"",""args"":[1]}}]","""Draw {draw} card. Starstone: draw {draw.2} more.""","{""effects"":[{""op"":""draw"",""amount"":2},{""op"":""draw"",""amount"":1,""if"":{""p"":""hasStatus"",""of"":""self"",""status"":""starstoneCharge""}},{""op"":""applyStatus"",""target"":""self"",""status"":""starstoneCharge"",""stacks"":{""f"":""add"",""args"":[1]}}]}",,,,,
"""moonlitShieldCard""","""Moonlit Shield""","""starseer""","""uncommon""",1,"""power""",[],"""🔷""","[{""op"":""applyStatus"",""target"":""self"",""status"":""moonlitShield"",""stacks"":{""f"":""add"",""args"":[1]}}]","""Whenever you gain Starstone Charge, gain 3 Block.""","{""cost"":0}",,,,,
"""celestialLance""","""Celestial Lance""","""starseer""","""rare""",2,"""attack""",[],"""🔱""","[{""op"":""damage"",""target"":""enemy"",""amount"":10,""if"":{""p"":""not"",""pred"":{""p"":""hasStatus"",""of"":""self"",""status"":""starstoneCharge""}}},{""op"":""damage"",""target"":""enemy"",""amount"":22,""if"":{""p"":""hasStatus"",""of"":""self"",""status"":""starstoneCharge""}},{""op"":""applyStatus"",""target"":""self"",""status"":""starstoneCharge"",""stacks"":{""f"":""add"",""args"":[1]}}]","""Deal {damage} damage. Starstone: {damage.2} instead.""","{""effects"":[{""op"":""damage"",""target"":""enemy"",""amount"":13,""if"":{""p"":""not"",""pred"":{""p"":""hasStatus"",""of"":""self"",""status"":""starstoneCharge""}}},{""op"":""damage"",""target"":""enemy"",""amount"":28,""if"":{""p"":""hasStatus"",""of"":""self"",""status"":""starstoneCharge""}},{""op"":""applyStatus"",""target"":""self"",""status"":""starstoneCharge"",""stacks"":{""f"":""add"",""args"":[1]}}]}","""magic""",1,,,
"""astromancerCard""","""Astromancer""","""starseer""","""rare""",1,"""power""",[],"""📚""","[{""op"":""applyStatus"",""target"":""self"",""status"":""astromancer"",""stacks"":{""f"":""add"",""args"":[1]}}]","""At the start of your turn, gain Starstone Charge and draw a card.""","{""cost"":0}",,,,,
"""starSpark""","""Star Spark""","""starseer""","""common""",1,"""attack""",[],"""✨""","[{""op"":""damage"",""target"":""enemy"",""amount"":5},{""op"":""applyStatus"",""target"":""enemy"",""status"":""weak"",""stacks"":1,""if"":{""p"":""hasStatus"",""of"":""self"",""status"":""starstoneCharge""}},{""op"":""applyStatus"",""target"":""self"",""status"":""starstoneCharge"",""stacks"":{""f"":""add"",""args"":[1]}}]","""Deal {damage} damage. Starstone: apply {weak} Weak.""","{""effects"":[{""op"":""damage"",""target"":""enemy"",""amount"":7},{""op"":""applyStatus"",""target"":""enemy"",""status"":""weak"",""stacks"":1,""if"":{""p"":""hasStatus"",""of"":""self"",""status"":""starstoneCharge""}},{""op"":""applyStatus"",""target"":""self"",""status"":""starstoneCharge"",""stacks"":{""f"":""add"",""args"":[1]}}]}","""magic""",1,,,
"""astralInsight""","""Astral Insight""","""starseer""","""uncommon""",1,"""skill""",[],"""🌠""","[{""op"":""block"",""target"":""self"",""amount"":5},{""op"":""draw"",""amount"":1},{""op"":""draw"",""amount"":1,""if"":{""p"":""hasStatus"",""of"":""self"",""status"":""starstoneCharge""}},{""op"":""applyStatus"",""target"":""self"",""status"":""starstoneCharge"",""stacks"":{""f"":""add"",""args"":[1]}}]","""Gain {block} Block. Draw {draw} card. Starstone: draw {draw.2} more.""","{""effects"":[{""op"":""block"",""target"":""self"",""amount"":7},{""op"":""draw"",""amount"":1},{""op"":""draw"",""amount"":1,""if"":{""p"":""hasStatus"",""of"":""self"",""status"":""starstoneCharge""}},{""op"":""applyStatus"",""target"":""self"",""status"":""starstoneCharge"",""stacks"":{""f"":""add"",""args"":[1]}}]}",,,,,
"""urgentHeal""","""Urgent Heal""","""herald""","""starter""",1,"""skill""",[],"""✚""","[{""op"":""heal"",""target"":""self"",""amount"":4}]","""Heal {heal} HP.""","{""effects"":[{""op"":""heal"",""target"":""self"",""amount"":6}]}",,,,1,
"""bloodPact""","""Blood Pact""","""herald""","""common""",0,"""skill""",[],"""🩸""","[{""op"":""loseHp"",""target"":""self"",""amount"":2},{""op"":""gainEnergy"",""amount"":1},{""op"":""draw"",""amount"":1}]","""Lose {loseHp} HP. Gain {gainEnergy} Energy. Draw {draw} card.""","{""effects"":[{""op"":""loseHp"",""target"":""self"",""amount"":1},{""op"":""gainEnergy"",""amount"":1},{""op"":""draw"",""amount"":1}]}",,,,,
"""blightTouch""","""Blight Touch""","""herald""","""common""",1,"""attack""",[],"""🦠""","[{""op"":""damage"",""target"":""enemy"",""amount"":5},{""op"":""applyStatus"",""target"":""enemy"",""status"":""crimsonBlight"",""stacks"":2}]","""Deal {damage} damage. Apply {crimsonBlight} Crimson Blight.""","{""effects"":[{""op"":""damage"",""target"":""enemy"",""amount"":7},{""op"":""applyStatus"",""target"":""enemy"",""status"":""crimsonBlight"",""stacks"":3}]}","""arcane""",1,,,
"""flagellation""","""Flagellation""","""herald""","""common""",1,"""attack""",[],"""⛓""","[{""op"":""loseHp"",""target"":""self"",""amount"":2},{""op"":""damage"",""target"":""enemy"",""amount"":9}]","""Lose {loseHp} HP. Deal {damage} damage.""","{""effects"":[{""op"":""loseHp"",""target"":""self"",""amount"":2},{""op"":""damage"",""target"":""enemy"",""amount"":12}]}","""arcane""",1,,,
"""penance""","""Penance""","""herald""","""common""",1,"""skill""",[],"""🙏""","[{""op"":""block"",""target"":""self"",""amount"":5},{""op"":""heal"",""target"":""self"",""amount"":2}]","""Gain {block} Block. Heal {heal} HP.""","{""effects"":[{""op"":""block"",""target"":""self"",""amount"":7},{""op"":""heal"",""target"":""self"",""amount"":3}]}",,,,,
"""litany""","""Litany""","""herald""","""common""",1,"""skill""",[],"""📿""","[{""op"":""applyStatus"",""target"":""enemy"",""status"":""weak"",""stacks"":2},{""op"":""applyStatus"",""target"":""enemy"",""status"":""insanity"",""stacks"":3}]","""Apply {weak} Weak and {insanity} Insanity.""","{""effects"":[{""op"":""applyStatus"",""target"":""enemy"",""status"":""weak"",""stacks"":3},{""op"":""applyStatus"",""target"":""enemy"",""status"":""insanity"",""stacks"":4}]}",,,,,
"""graveOffering""","""Grave Offering""","""herald""","""common""",2,"""attack""",[],"""🪦""","[{""op"":""loseHp"",""target"":""self"",""amount"":3},{""op"":""damage"",""target"":""allEnemies"",""amount"":7}]","""Lose {loseHp} HP. Deal {damage} damage to ALL enemies.""","{""effects"":[{""op"":""loseHp"",""target"":""self"",""amount"":3},{""op"":""damage"",""target"":""allEnemies"",""amount"":10}]}","""arcane""",1,,,
"""bloodletting""","""Bloodletting""","""herald""","""common""",0,"""skill""",[],"""🩸""","[{""op"":""loseHp"",""target"":""self"",""amount"":3},{""op"":""block"",""target"":""self"",""amount"":8}]","""Lose {loseHp} HP. Gain {block} Block.""","{""effects"":[{""op"":""loseHp"",""target"":""self"",""amount"":3},{""op"":""block"",""target"":""self"",""amount"":11}]}",,,,,
"""contagion""","""Contagion""","""herald""","""common""",1,"""skill""",[],"""☣""","[{""op"":""applyStatus"",""target"":""allEnemies"",""status"":""crimsonBlight"",""stacks"":2}]","""Apply {crimsonBlight} Crimson Blight to ALL enemies.""","{""effects"":[{""op"":""applyStatus"",""target"":""allEnemies"",""status"":""crimsonBlight"",""stacks"":3}]}",,,,,
"""cullTheWeak""","""Cull the Weak""","""herald""","""common""",1,"""attack""",[],"""🗡""","[{""op"":""damage"",""target"":""enemy"",""amount"":6},{""op"":""damage"",""target"":""enemy"",""amount"":4,""if"":{""p"":""hasStatus"",""of"":""target"",""status"":""crimsonBlight""}}]","""Deal {damage} damage. If the target has Crimson Blight: deal {damage.2} more.""","{""effects"":[{""op"":""damage"",""target"":""enemy"",""amount"":8},{""op"":""damage"",""target"":""enemy"",""amount"":6,""if"":{""p"":""hasStatus"",""of"":""target"",""status"":""crimsonBlight""}}]}","""arcane""",1,,,
"""transfusion""","""Transfusion""","""herald""","""common""",1,"""skill""",[],"""➕""","[{""op"":""heal"",""target"":""self"",""amount"":6}]","""Heal {heal} HP.""","{""effects"":[{""op"":""heal"",""target"":""self"",""amount"":9}]}",,,,,
"""blightward""","""Blightward""","""herald""","""common""",1,"""skill""",[],"""🛡""","[{""op"":""block"",""target"":""self"",""amount"":6},{""op"":""block"",""target"":""self"",""amount"":4,""if"":{""p"":""hpBelowPct"",""of"":""self"",""pct"":50}}]","""Gain {block} Block. If below half HP: gain {block.2} more.""","{""effects"":[{""op"":""block"",""target"":""self"",""amount"":8},{""op"":""block"",""target"":""self"",""amount"":4,""if"":{""p"":""hpBelowPct"",""of"":""self"",""pct"":50}}]}",,,,,
"""martyrBlood""","""Martyr's Blood""","""herald""","""uncommon""",1,"""skill""","[""exhaust""]","""🥀""","[{""op"":""loseHp"",""target"":""self"",""amount"":5},{""op"":""gainEnergy"",""amount"":2},{""op"":""draw"",""amount"":2}]","""Lose {loseHp} HP. Gain {gainEnergy} Energy. Draw {draw} cards. Exhaust.""","{""effects"":[{""op"":""loseHp"",""target"":""self"",""amount"":3},{""op"":""gainEnergy"",""amount"":2},{""op"":""draw"",""amount"":2}]}",,,,,
"""blightBloom""","""Blight Bloom""","""herald""","""uncommon""",1,"""skill""","[""exhaust""]","""🌺""","[{""op"":""applyStatus"",""target"":""enemy"",""status"":""crimsonBlight"",""stacks"":{""f"":""stacks"",""status"":""crimsonBlight"",""of"":""target""}}]","""Double the target's Crimson Blight. Exhaust.""","{""keywords"":[],""textTemplate"":""Double the target's Crimson Blight.""}",,,,,
"""sacredHarvest""","""Sacred Harvest""","""herald""","""uncommon""",1,"""attack""",[],"""🌾""","[{""op"":""damage"",""target"":""enemy"",""amount"":6},{""op"":""heal"",""target"":""self"",""amount"":3}]","""Deal {damage} damage. Heal {heal} HP.""","{""effects"":[{""op"":""damage"",""target"":""enemy"",""amount"":8},{""op"":""heal"",""target"":""self"",""amount"":4}]}","""arcane""",1,,,
"""thornHaloCard""","""Thorn Halo""","""herald""","""uncommon""",1,"""power""",[],"""🌿""","[{""op"":""applyStatus"",""target"":""self"",""status"":""thornHalo"",""stacks"":{""f"":""add"",""args"":[1]}}]","""At the start of your turn, apply 1 Crimson Blight to ALL enemies.""","{""cost"":0}",,,,,
"""communionCard""","""Communion""","""herald""","""uncommon""",2,"""power""",[],"""🕊""","[{""op"":""applyStatus"",""target"":""self"",""status"":""communion"",""stacks"":{""f"":""add"",""args"":[1]}}]","""At the start of your turn, heal 3 HP.""","{""cost"":1}",,,,,
"""gildedOath""","""Gilded Oath""","""herald""","""uncommon""",2,"""skill""",[],"""🌞""","[{""op"":""applyStatus"",""target"":""self"",""status"":""strength"",""stacks"":2},{""op"":""applyStatus"",""target"":""self"",""status"":""dexterity"",""stacks"":2}]","""Gain {strength} Strength and {dexterity} Dexterity.""","{""effects"":[{""op"":""applyStatus"",""target"":""self"",""status"":""strength"",""stacks"":3},{""op"":""applyStatus"",""target"":""self"",""status"":""dexterity"",""stacks"":3}]}",,,,,
"""plagueBearer""","""Plague Bearer""","""herald""","""uncommon""",1,"""attack""",[],"""🐀""","[{""op"":""damage"",""target"":""enemy"",""amount"":5},{""op"":""applyStatus"",""target"":""enemy"",""status"":""crimsonBlight"",""stacks"":2},{""op"":""draw"",""amount"":1}]","""Deal {damage} damage. Apply {crimsonBlight} Crimson Blight. Draw {draw} card.""","{""effects"":[{""op"":""damage"",""target"":""enemy"",""amount"":5},{""op"":""applyStatus"",""target"":""enemy"",""status"":""crimsonBlight"",""stacks"":3},{""op"":""draw"",""amount"":1}]}","""arcane""",1,,,
"""exsanguinate""","""Exsanguinate""","""herald""","""uncommon""",1,"""attack""",[],"""🔻""","[{""op"":""loseHp"",""target"":""self"",""amount"":3},{""op"":""damage"",""target"":""enemy"",""amount"":14}]","""Lose {loseHp} HP. Deal {damage} damage.""","{""effects"":[{""op"":""loseHp"",""target"":""self"",""amount"":3},{""op"":""damage"",""target"":""enemy"",""amount"":18}]}","""arcane""",1,,,
"""stigmataCard""","""Stigmata""","""herald""","""uncommon""",1,"""power""",[],"""🩹""","[{""op"":""applyStatus"",""target"":""self"",""status"":""stigmata"",""stacks"":{""f"":""add"",""args"":[1]}}]","""Whenever you lose HP, heal 2 HP.""","{""cost"":0}",,,,,
"""scourge""","""Scourge""","""herald""","""uncommon""",2,"""attack""",[],"""🌊""","[{""op"":""damage"",""target"":""allEnemies"",""amount"":6},{""op"":""applyStatus"",""target"":""allEnemies"",""status"":""crimsonBlight"",""stacks"":2}]","""Deal {damage} damage to ALL enemies. Apply {crimsonBlight} Crimson Blight to ALL.""","{""effects"":[{""op"":""damage"",""target"":""allEnemies"",""amount"":8},{""op"":""applyStatus"",""target"":""allEnemies"",""status"":""crimsonBlight"",""stacks"":2}]}","""arcane""",1,,,
"""reclamation""","""Reclamation""","""herald""","""uncommon""",1,"""skill""","[""exhaust""]","""🍂""","[{""op"":""heal"",""target"":""self"",""amount"":{""f"":""stacks"",""status"":""crimsonBlight"",""of"":""allEnemies"",""per"":2}}]","""Heal 1 HP for every 2 Crimson Blight on all enemies. Exhaust.""","{""keywords"":[""exhaust""],""effects"":[{""op"":""heal"",""target"":""self"",""amount"":{""f"":""stacks"",""status"":""crimsonBlight"",""of"":""allEnemies""}}],""textTemplate"":""Heal 1 HP for every Crimson Blight on all enemies. Exhaust.""}",,,,,
"""secondBloom""","""Second Bloom""","""herald""","""rare""",2,"""skill""","[""exhaust""]","""🌸""","[{""op"":""heal"",""target"":""self"",""amount"":{""f"":""mul"",""args"":[0.5,{""f"":""missingHp"",""of"":""self""}]}}]","""Heal half of your missing HP. Exhaust.""","{""cost"":1}",,,,,
"""butterflyPlague""","""Plague of Butterflies""","""herald""","""rare""",3,"""skill""",[],"""🦋""","[{""op"":""loseHp"",""target"":""self"",""amount"":4},{""op"":""applyStatus"",""target"":""allEnemies"",""status"":""crimsonBlight"",""stacks"":6}]","""Lose {loseHp} HP. Apply {crimsonBlight} Crimson Blight to ALL enemies.""","{""effects"":[{""op"":""loseHp"",""target"":""self"",""amount"":4},{""op"":""applyStatus"",""target"":""allEnemies"",""status"":""crimsonBlight"",""stacks"":8}]}",,,,,
"""lifeTitheCard""","""Life Tithe""","""herald""","""rare""",1,"""power""",[],"""⚰""","[{""op"":""applyStatus"",""target"":""self"",""status"":""lifeTithe"",""stacks"":{""f"":""add"",""args"":[1]}}]","""Whenever an enemy dies, heal 8 HP.""","{""cost"":0}",,,,,
"""crimsonRite""","""Crimson Rite""","""herald""","""rare""","""X""","""attack""",[],"""🔺""","[{""op"":""damage"",""target"":""enemy"",""amount"":5,""hits"":{""f"":""energySpent""}},{""op"":""heal"",""target"":""self"",""amount"":{""f"":""energySpent"",""per"":2}}]","""Deal {damage} damage once per Energy spent, then heal 2 per Energy.""","{""effects"":[{""op"":""damage"",""target"":""enemy"",""amount"":7,""hits"":{""f"":""energySpent""}},{""op"":""heal"",""target"":""self"",""amount"":{""f"":""energySpent"",""per"":3}}],""textTemplate"":""Deal {damage} damage once per Energy spent, then heal 3 per Energy.""}","""arcane""",1,,,
"""blightNova""","""Blight Nova""","""herald""","""rare""",2,"""attack""",[],"""💥""","[{""op"":""damage"",""target"":""enemy"",""amount"":{""f"":""mul"",""args"":[2,{""f"":""stacks"",""status"":""crimsonBlight"",""of"":""target""}]}}]","""Deal damage equal to twice the target's Crimson Blight.""","{""effects"":[{""op"":""damage"",""target"":""enemy"",""amount"":{""f"":""mul"",""args"":[3,{""f"":""stacks"",""status"":""crimsonBlight"",""of"":""target""}]}}],""textTemplate"":""Deal damage equal to three times the target's Crimson Blight.""}","""arcane""",1,,,
"""lastRites""","""Last Rites""","""herald""","""rare""",2,"""skill""","[""exhaust""]","""🕯""","[{""op"":""heal"",""target"":""self"",""amount"":{""f"":""percentMaxHp"",""of"":""self"",""pct"":20}},{""op"":""draw"",""amount"":2}]","""Heal 20% of your max HP. Draw {draw} cards. Exhaust.""","{""keywords"":[],""textTemplate"":""Heal 20% of your max HP. Draw {draw} cards.""}",,,,,
"""zealotryCard""","""Zealotry""","""herald""","""rare""",2,"""power""",[],"""⚡""","[{""op"":""applyStatus"",""target"":""self"",""status"":""zealotry"",""stacks"":{""f"":""add"",""args"":[1]}}]","""Whenever you lose HP, deal 3 damage to a random enemy.""","{""cost"":1}",,,,,
"""bloodHarvest""","""Blood Harvest""","""herald""","""rare""","""X""","""attack""",[],"""🌾""","[{""op"":""damage"",""target"":""allEnemies"",""amount"":4,""hits"":{""f"":""energySpent""}},{""op"":""heal"",""target"":""self"",""amount"":{""f"":""energySpent"",""per"":3}}]","""Deal {damage} damage to ALL enemies once per Energy spent. Then heal 3 per Energy.""","{""effects"":[{""op"":""damage"",""target"":""allEnemies"",""amount"":6,""hits"":{""f"":""energySpent""}},{""op"":""heal"",""target"":""self"",""amount"":{""f"":""energySpent"",""per"":3}}]}","""arcane""",1,,,
"""painOffering""","""Pain Offering""","""herald""","""common""",0,"""attack""",[],"""🩸""","[{""op"":""loseHp"",""target"":""self"",""amount"":2},{""op"":""damage"",""target"":""enemy"",""amount"":7}]","""Lose {loseHp} HP. Deal {damage} damage.""","{""effects"":[{""op"":""loseHp"",""target"":""self"",""amount"":2},{""op"":""damage"",""target"":""enemy"",""amount"":10}]}","""arcane""",1,,,
"""witheringTouch""","""Withering Touch""","""herald""","""common""",1,"""attack""",[],"""🦠""","[{""op"":""damage"",""target"":""enemy"",""amount"":4},{""op"":""applyStatus"",""target"":""enemy"",""status"":""crimsonBlight"",""stacks"":3}]","""Deal {damage} damage. Apply {crimsonBlight} Crimson Blight.""","{""effects"":[{""op"":""damage"",""target"":""enemy"",""amount"":6},{""op"":""applyStatus"",""target"":""enemy"",""status"":""crimsonBlight"",""stacks"":4}]}","""arcane""",1,,,
"""desperateRite""","""Desperate Rite""","""herald""","""uncommon""",1,"""attack""",[],"""🔺""","[{""op"":""damage"",""target"":""enemy"",""amount"":9,""if"":{""p"":""not"",""pred"":{""p"":""hpBelowPct"",""of"":""self"",""pct"":50}}},{""op"":""damage"",""target"":""enemy"",""amount"":16,""if"":{""p"":""hpBelowPct"",""of"":""self"",""pct"":50}}]","""Deal {damage} damage. If below half HP: deal {damage.2} instead.""","{""effects"":[{""op"":""damage"",""target"":""enemy"",""amount"":12,""if"":{""p"":""not"",""pred"":{""p"":""hpBelowPct"",""of"":""self"",""pct"":50}}},{""op"":""damage"",""target"":""enemy"",""amount"":20,""if"":{""p"":""hpBelowPct"",""of"":""self"",""pct"":50}}]}","""arcane""",1,,,
"""emberTideCard""","""Ember Tide""","""herald""","""uncommon""",1,"""power""",[],"""🌊""","[{""op"":""applyStatus"",""target"":""self"",""status"":""emberTide"",""stacks"":{""f"":""add"",""args"":[1]}}]","""Whenever you heal, gain 1 Strength.""","{""cost"":0}",,,,,
"""bloodOfferingRite""","""Blood Offering""","""herald""","""rare""",1,"""attack""",[],"""⚰""","[{""op"":""loseHp"",""target"":""self"",""amount"":6},{""op"":""damage"",""target"":""enemy"",""amount"":24}]","""Lose {loseHp} HP. Deal {damage} damage.""","{""effects"":[{""op"":""loseHp"",""target"":""self"",""amount"":6},{""op"":""damage"",""target"":""enemy"",""amount"":30}]}","""arcane""",1,,,
"""harbingerOfBlightCard""","""Harbinger of Blight""","""herald""","""rare""",2,"""power""",[],"""❀""","[{""op"":""applyStatus"",""target"":""self"",""status"":""harbingerOfBlight"",""stacks"":{""f"":""add"",""args"":[1]}}]","""Whenever Crimson Blight is applied to an enemy, heal 1 HP.""","{""cost"":1}",,,,,
"""blightwardLash""","""Blightward Lash""","""herald""","""common""",1,"""attack""",[],"""🦠""","[{""op"":""damage"",""target"":""enemy"",""amount"":6},{""op"":""applyStatus"",""target"":""enemy"",""status"":""crimsonBlight"",""stacks"":2},{""op"":""loseHp"",""target"":""self"",""amount"":2}]","""Deal {damage} damage. Apply {crimsonBlight} Crimson Blight. Lose {loseHp} HP.""","{""effects"":[{""op"":""damage"",""target"":""enemy"",""amount"":8},{""op"":""applyStatus"",""target"":""enemy"",""status"":""crimsonBlight"",""stacks"":3},{""op"":""loseHp"",""target"":""self"",""amount"":2}]}","""arcane""",1,,,
"""lastMercy""","""Last Mercy""","""herald""","""uncommon""",1,"""skill""",[],"""🙏""","[{""op"":""heal"",""target"":""self"",""amount"":5},{""op"":""block"",""target"":""self"",""amount"":4}]","""Heal {heal} HP. Gain {block} Block.""","{""effects"":[{""op"":""heal"",""target"":""self"",""amount"":7},{""op"":""block"",""target"":""self"",""amount"":6}]}",,,,,
"""ambush""","""Ambush""","""rogue""","""starter""",1,"""attack""",[],"""🗡""","[{""op"":""damage"",""target"":""enemy"",""amount"":5},{""op"":""damage"",""target"":""enemy"",""amount"":8,""if"":{""p"":""hasStatus"",""of"":""self"",""status"":""prepared""}},{""op"":""applyStatus"",""target"":""enemy"",""status"":""vulnerable"",""stacks"":1},{""op"":""removeStatus"",""target"":""self"",""status"":""prepared""}]","""Deal {damage} damage. Prepared: deal {damage.2} more. Apply {vulnerable} Vulnerable. Consume Prepared.""","{""effects"":[{""op"":""damage"",""target"":""enemy"",""amount"":7},{""op"":""damage"",""target"":""enemy"",""amount"":10,""if"":{""p"":""hasStatus"",""of"":""self"",""status"":""prepared""}},{""op"":""applyStatus"",""target"":""enemy"",""status"":""vulnerable"",""stacks"":2},{""op"":""removeStatus"",""target"":""self"",""status"":""prepared""}]}","""physical""",0,,1,
"""rogueShiv""","""Shiv""","""rogue""","""special""",0,"""attack""","[""exhaust""]","""🔪""","[{""op"":""damage"",""target"":""enemy"",""amount"":4}]","""Deal {damage} damage. Exhaust.""","{""effects"":[{""op"":""damage"",""target"":""enemy"",""amount"":6}]}","""physical""",0,,,
"""smokePellet""","""Smoke Pellet""","""rogue""","""special""",0,"""skill""","[""exhaust""]","""🌫""","[{""op"":""block"",""target"":""self"",""amount"":3},{""op"":""applyStatus"",""target"":""self"",""status"":""prepared"",""stacks"":{""f"":""add"",""args"":[1]}}]","""Gain {block} Block. Become Prepared. Exhaust.""","{""effects"":[{""op"":""block"",""target"":""self"",""amount"":5},{""op"":""applyStatus"",""target"":""self"",""status"":""prepared"",""stacks"":{""f"":""add"",""args"":[1]}}]}",,,,,
"""quickCut""","""Quick Cut""","""rogue""","""common""",0,"""attack""",[],"""╱""","[{""op"":""damage"",""target"":""enemy"",""amount"":3},{""op"":""damage"",""target"":""enemy"",""amount"":3,""if"":{""p"":""hasStatus"",""of"":""self"",""status"":""prepared""}},{""op"":""removeStatus"",""target"":""self"",""status"":""prepared""}]","""Deal {damage} damage. Prepared: deal {damage.2} more. Consume Prepared.""","{""effects"":[{""op"":""damage"",""target"":""enemy"",""amount"":4},{""op"":""damage"",""target"":""enemy"",""amount"":4,""if"":{""p"":""hasStatus"",""of"":""self"",""status"":""prepared""}},{""op"":""removeStatus"",""target"":""self"",""status"":""prepared""}]}","""physical""",0,,,
"""feint""","""Feint""","""rogue""","""common""",0,"""skill""",[],"""↝""","[{""op"":""applyStatus"",""target"":""self"",""status"":""prepared"",""stacks"":{""f"":""add"",""args"":[1]}},{""op"":""draw"",""amount"":1}]","""Become Prepared. Draw {draw} card.""","{""effects"":[{""op"":""applyStatus"",""target"":""self"",""status"":""prepared"",""stacks"":{""f"":""add"",""args"":[1]}},{""op"":""draw"",""amount"":1},{""op"":""block"",""target"":""self"",""amount"":3}],""textTemplate"":""Become Prepared. Draw {draw} card. Gain {block} Block.""}",,,,,
"""backstep""","""Backstep""","""rogue""","""common""",1,"""skill""",[],"""👣""","[{""op"":""block"",""target"":""self"",""amount"":6},{""op"":""applyStatus"",""target"":""self"",""status"":""prepared"",""stacks"":{""f"":""add"",""args"":[1]}}]","""Gain {block} Block. Become Prepared.""","{""effects"":[{""op"":""block"",""target"":""self"",""amount"":9},{""op"":""applyStatus"",""target"":""self"",""status"":""prepared"",""stacks"":{""f"":""add"",""args"":[1]}}]}",,,,,
"""twinPrick""","""Twin Prick""","""rogue""","""common""",1,"""attack""",[],"""†""","[{""op"":""damage"",""target"":""enemy"",""amount"":3,""hits"":2},{""op"":""damage"",""target"":""enemy"",""amount"":2,""hits"":2,""if"":{""p"":""hasStatus"",""of"":""self"",""status"":""prepared""}},{""op"":""removeStatus"",""target"":""self"",""status"":""prepared""}]","""Deal {damage} damage {hits} times. Prepared: deal {damage.2} damage {hits.2} times. Consume Prepared.""","{""effects"":[{""op"":""damage"",""target"":""enemy"",""amount"":4,""hits"":2},{""op"":""damage"",""target"":""enemy"",""amount"":2,""hits"":2,""if"":{""p"":""hasStatus"",""of"":""self"",""status"":""prepared""}},{""op"":""removeStatus"",""target"":""self"",""status"":""prepared""}]}","""physical""",0,,,
"""pocketSand""","""Pocket Sand""","""rogue""","""common""",1,"""skill""",[],"""✺""","[{""op"":""block"",""target"":""self"",""amount"":4},{""op"":""applyStatus"",""target"":""enemy"",""status"":""weak"",""stacks"":2}]","""Gain {block} Block. Apply {weak} Weak.""","{""effects"":[{""op"":""block"",""target"":""self"",""amount"":5},{""op"":""applyStatus"",""target"":""enemy"",""status"":""weak"",""stacks"":3}]}",,,,,
"""hamstringRogue""","""Hamstring""","""rogue""","""common""",1,"""attack""",[],"""🦵""","[{""op"":""damage"",""target"":""enemy"",""amount"":6},{""op"":""applyStatus"",""target"":""enemy"",""status"":""vulnerable"",""stacks"":1}]","""Deal {damage} damage. Apply {vulnerable} Vulnerable.""","{""effects"":[{""op"":""damage"",""target"":""enemy"",""amount"":9},{""op"":""applyStatus"",""target"":""enemy"",""status"":""vulnerable"",""stacks"":1}]}","""physical""",0,,,
"""serratedShiv""","""Serrated Shiv""","""rogue""","""common""",1,"""attack""",[],"""🩸""","[{""op"":""damage"",""target"":""enemy"",""amount"":5},{""op"":""applyStatus"",""target"":""enemy"",""status"":""bleed"",""stacks"":3},{""op"":""applyStatus"",""target"":""enemy"",""status"":""bleed"",""stacks"":3,""if"":{""p"":""hasStatus"",""of"":""self"",""status"":""prepared""}},{""op"":""removeStatus"",""target"":""self"",""status"":""prepared""}]","""Deal {damage} damage. Apply {bleed} Bleed. Prepared: apply {bleed.2} more. Consume Prepared.""","{""effects"":[{""op"":""damage"",""target"":""enemy"",""amount"":7},{""op"":""applyStatus"",""target"":""enemy"",""status"":""bleed"",""stacks"":4},{""op"":""applyStatus"",""target"":""enemy"",""status"":""bleed"",""stacks"":3,""if"":{""p"":""hasStatus"",""of"":""self"",""status"":""prepared""}},{""op"":""removeStatus"",""target"":""self"",""status"":""prepared""}]}","""physical""",0,,,
"""smokeVeil""","""Smoke Veil""","""rogue""","""common""",1,"""skill""",[],"""🌁""","[{""op"":""block"",""target"":""self"",""amount"":5},{""op"":""applyStatus"",""target"":""allEnemies"",""status"":""weak"",""stacks"":1}]","""Gain {block} Block. Apply {weak} Weak to ALL enemies.""","{""effects"":[{""op"":""block"",""target"":""self"",""amount"":8},{""op"":""applyStatus"",""target"":""allEnemies"",""status"":""weak"",""stacks"":1}]}",,,,,
"""ricochet""","""Ricochet""","""rogue""","""common""",1,"""attack""",[],"""➶""","[{""op"":""damage"",""target"":""allEnemies"",""amount"":4}]","""Deal {damage} damage to ALL enemies.""","{""effects"":[{""op"":""damage"",""target"":""allEnemies"",""amount"":7}]}","""physical""",0,,,
"""lowBlow""","""Low Blow""","""rogue""","""common""",1,"""attack""",[],"""↘""","[{""op"":""damage"",""target"":""enemy"",""amount"":6},{""op"":""poiseDamage"",""target"":""enemy"",""amount"":4},{""op"":""poiseDamage"",""target"":""enemy"",""amount"":5,""if"":{""p"":""hasStatus"",""of"":""self"",""status"":""prepared""}},{""op"":""removeStatus"",""target"":""self"",""status"":""prepared""}]","""Deal {damage} damage and {poiseDamage} Poise damage. Prepared: deal {poiseDamage.2} more Poise damage. Consume Prepared.""","{""effects"":[{""op"":""damage"",""target"":""enemy"",""amount"":8},{""op"":""poiseDamage"",""target"":""enemy"",""amount"":5},{""op"":""poiseDamage"",""target"":""enemy"",""amount"":6,""if"":{""p"":""hasStatus"",""of"":""self"",""status"":""prepared""}},{""op"":""removeStatus"",""target"":""self"",""status"":""prepared""}]}","""physical""",0,,,
"""pilfer""","""Pilfer""","""rogue""","""common""",1,"""skill""",[],"""🖐""","[{""op"":""draw"",""amount"":2},{""op"":""discard"",""amount"":1,""random"":true}]","""Draw {draw} cards. Discard 1 card at random.""","{""effects"":[{""op"":""draw"",""amount"":3},{""op"":""discard"",""amount"":1,""random"":true}]}",,,,,
"""vanish""","""Vanish""","""rogue""","""common""",1,"""skill""","[""exhaust""]","""◌""","[{""op"":""block"",""target"":""self"",""amount"":8},{""op"":""applyStatus"",""target"":""self"",""status"":""prepared"",""stacks"":{""f"":""add"",""args"":[1]}},{""op"":""addCard"",""card"":""smokePellet"",""pile"":""hand""}]","""Gain {block} Block. Become Prepared. Add a Smoke Pellet to your hand. Exhaust.""","{""keywords"":[],""effects"":[{""op"":""block"",""target"":""self"",""amount"":8},{""op"":""applyStatus"",""target"":""self"",""status"":""prepared"",""stacks"":{""f"":""add"",""args"":[1]}},{""op"":""addCard"",""card"":""smokePellet"",""pile"":""hand""}],""textTemplate"":""Gain {block} Block. Become Prepared. Add a Smoke Pellet to your hand.""}",,,,,
"""cheapShot""","""Cheap Shot""","""rogue""","""common""",2,"""attack""",[],"""✹""","[{""op"":""damage"",""target"":""enemy"",""amount"":10},{""op"":""damage"",""target"":""enemy"",""amount"":6,""if"":{""p"":""hasStatus"",""of"":""target"",""status"":""weak""}}]","""Deal {damage} damage. If the target is Weak, deal {damage.2} more.""","{""effects"":[{""op"":""damage"",""target"":""enemy"",""amount"":13},{""op"":""damage"",""target"":""enemy"",""amount"":8,""if"":{""p"":""hasStatus"",""of"":""target"",""status"":""weak""}}]}","""physical""",0,,,
"""bladeDanceRogue""","""Blade Dance""","""rogue""","""uncommon""",1,"""attack""",[],"""⚔""","[{""op"":""damage"",""target"":""enemy"",""amount"":3,""hits"":3},{""op"":""damage"",""target"":""enemy"",""amount"":1,""hits"":3,""if"":{""p"":""hasStatus"",""of"":""self"",""status"":""prepared""}},{""op"":""removeStatus"",""target"":""self"",""status"":""prepared""}]","""Deal {damage} damage {hits} times. Prepared: deal {damage.2} damage {hits.2} times. Consume Prepared.""","{""effects"":[{""op"":""damage"",""target"":""enemy"",""amount"":4,""hits"":3},{""op"":""damage"",""target"":""enemy"",""amount"":1,""hits"":3,""if"":{""p"":""hasStatus"",""of"":""self"",""status"":""prepared""}},{""op"":""removeStatus"",""target"":""self"",""status"":""prepared""}]}","""physical""",0,,,
"""garrote""","""Garrote""","""rogue""","""uncommon""",1,"""attack""",[],"""➰""","[{""op"":""damage"",""target"":""enemy"",""amount"":4},{""op"":""applyStatus"",""target"":""enemy"",""status"":""bleed"",""stacks"":5},{""op"":""applyStatus"",""target"":""enemy"",""status"":""weak"",""stacks"":1}]","""Deal {damage} damage. Apply {bleed} Bleed and {weak} Weak.""","{""effects"":[{""op"":""damage"",""target"":""enemy"",""amount"":6},{""op"":""applyStatus"",""target"":""enemy"",""status"":""bleed"",""stacks"":6},{""op"":""applyStatus"",""target"":""enemy"",""status"":""weak"",""stacks"":1}]}","""physical""",0,,,
"""fanOfKnives""","""Fan of Knives""","""rogue""","""uncommon""",1,"""attack""",[],"""🗡""","[{""op"":""damage"",""target"":""allEnemies"",""amount"":5},{""op"":""draw"",""amount"":1}]","""Deal {damage} damage to ALL enemies. Draw {draw} card.""","{""effects"":[{""op"":""damage"",""target"":""allEnemies"",""amount"":7},{""op"":""draw"",""amount"":1}]}","""physical""",0,,,
"""setupRogue""","""Setup""","""rogue""","""uncommon""",0,"""skill""","[""exhaust""]","""⚙""","[{""op"":""applyStatus"",""target"":""self"",""status"":""prepared"",""stacks"":{""f"":""add"",""args"":[1]}},{""op"":""gainEnergy"",""amount"":1},{""op"":""addCard"",""card"":""rogueShiv"",""pile"":""hand""}]","""Become Prepared. Gain {gainEnergy} Energy. Add a Shiv to your hand. Exhaust.""","{""effects"":[{""op"":""applyStatus"",""target"":""self"",""status"":""prepared"",""stacks"":{""f"":""add"",""args"":[1]}},{""op"":""gainEnergy"",""amount"":1},{""op"":""draw"",""amount"":1},{""op"":""addCard"",""card"":""rogueShiv"",""pile"":""hand""}],""textTemplate"":""Become Prepared. Gain {gainEnergy} Energy. Draw {draw} card. Add a Shiv to your hand. Exhaust.""}",,,,,
"""acrobaticsRogue""","""Acrobatics""","""rogue""","""uncommon""",1,"""skill""",[],"""🤸""","[{""op"":""block"",""target"":""self"",""amount"":7},{""op"":""draw"",""amount"":2},{""op"":""discard"",""amount"":1,""random"":true}]","""Gain {block} Block. Draw {draw} cards. Discard 1 at random.""","{""effects"":[{""op"":""block"",""target"":""self"",""amount"":9},{""op"":""draw"",""amount"":3},{""op"":""discard"",""amount"":1,""random"":true}]}",,,,,
"""disorient""","""Disorient""","""rogue""","""uncommon""",1,"""skill""","[""exhaust""]","""💫""","[{""op"":""applyStatus"",""target"":""enemy"",""status"":""weak"",""stacks"":2},{""op"":""applyStatus"",""target"":""enemy"",""status"":""vulnerable"",""stacks"":2}]","""Apply {weak} Weak and {vulnerable} Vulnerable. Exhaust.""","{""keywords"":[],""effects"":[{""op"":""applyStatus"",""target"":""enemy"",""status"":""weak"",""stacks"":2},{""op"":""applyStatus"",""target"":""enemy"",""status"":""vulnerable"",""stacks"":2}],""textTemplate"":""Apply {weak} Weak and {vulnerable} Vulnerable.""}",,,,,
"""coupDeGrace""","""Coup de Grace""","""rogue""","""uncommon""",2,"""attack""",[],"""☠""","[{""op"":""damage"",""target"":""enemy"",""amount"":10},{""op"":""damage"",""target"":""enemy"",""amount"":10,""if"":{""p"":""hasStatus"",""of"":""target"",""status"":""vulnerable""}}]","""Deal {damage} damage. If the target is Vulnerable, deal {damage.2} more.""","{""effects"":[{""op"":""damage"",""target"":""enemy"",""amount"":13},{""op"":""damage"",""target"":""enemy"",""amount"":13,""if"":{""p"":""hasStatus"",""of"":""target"",""status"":""vulnerable""}}]}","""physical""",0,,,
"""sap""","""Sap""","""rogue""","""uncommon""",1,"""attack""",[],"""♠""","[{""op"":""damage"",""target"":""enemy"",""amount"":4},{""op"":""applyStatus"",""target"":""enemy"",""status"":""weak"",""stacks"":2},{""op"":""poiseDamage"",""target"":""enemy"",""amount"":4}]","""Deal {damage} damage. Apply {weak} Weak. Deal {poiseDamage} Poise damage.""","{""effects"":[{""op"":""damage"",""target"":""enemy"",""amount"":6},{""op"":""applyStatus"",""target"":""enemy"",""status"":""weak"",""stacks"":3},{""op"":""poiseDamage"",""target"":""enemy"",""amount"":5}]}","""physical""",0,,,
"""shadowstep""","""Shadowstep""","""rogue""","""uncommon""",1,"""skill""",[],"""◐""","[{""op"":""block"",""target"":""self"",""amount"":5},{""op"":""applyStatus"",""target"":""self"",""status"":""prepared"",""stacks"":{""f"":""add"",""args"":[1]}},{""op"":""draw"",""amount"":1}]","""Gain {block} Block. Become Prepared. Draw {draw} card.""","{""effects"":[{""op"":""block"",""target"":""self"",""amount"":7},{""op"":""applyStatus"",""target"":""self"",""status"":""prepared"",""stacks"":{""f"":""add"",""args"":[1]}},{""op"":""draw"",""amount"":1}]}",,,,,
"""afterimageCard""","""Afterimage""","""rogue""","""uncommon""",1,"""power""",[],"""👤""","[{""op"":""applyStatus"",""target"":""self"",""status"":""afterimage"",""stacks"":{""f"":""add"",""args"":[1]}}]","""Every third card you play grants 3 Block.""","{""cost"":0}",,,,,
"""bloodletterRogue""","""Bloodletter""","""rogue""","""uncommon""",1,"""skill""","[""exhaust""]","""🩸""","[{""op"":""applyStatus"",""target"":""enemy"",""status"":""bleed"",""stacks"":{""f"":""stacks"",""status"":""bleed"",""of"":""target""}}]","""Double the target's Bleed. Exhaust.""","{""keywords"":[],""textTemplate"":""Double the target's Bleed.""}",,,,,
"""venomcoat""","""Venomcoat""","""rogue""","""uncommon""",1,"""skill""",[],"""🐍""","[{""op"":""applyStatus"",""target"":""enemy"",""status"":""venom"",""stacks"":4},{""op"":""applyStatus"",""target"":""self"",""status"":""prepared"",""stacks"":{""f"":""add"",""args"":[1]}}]","""Apply {venom} Venom. Become Prepared.""","{""effects"":[{""op"":""applyStatus"",""target"":""enemy"",""status"":""venom"",""stacks"":6},{""op"":""applyStatus"",""target"":""self"",""status"":""prepared"",""stacks"":{""f"":""add"",""args"":[1]}}]}",,,,,
"""misdirect""","""Misdirect""","""rogue""","""uncommon""",1,"""skill""",[],"""↪""","[{""op"":""block"",""target"":""self"",""amount"":6},{""op"":""applyStatus"",""target"":""allEnemies"",""status"":""weak"",""stacks"":1},{""op"":""applyStatus"",""target"":""self"",""status"":""prepared"",""stacks"":{""f"":""add"",""args"":[1]}}]","""Gain {block} Block. Apply {weak} Weak to ALL enemies. Become Prepared.""","{""effects"":[{""op"":""block"",""target"":""self"",""amount"":9},{""op"":""applyStatus"",""target"":""allEnemies"",""status"":""weak"",""stacks"":1},{""op"":""applyStatus"",""target"":""self"",""status"":""prepared"",""stacks"":{""f"":""add"",""args"":[1]}}]}",,,,,
"""assassinate""","""Assassinate""","""rogue""","""rare""",2,"""attack""","[""exhaust""]","""🗡""","[{""op"":""damage"",""target"":""enemy"",""amount"":14},{""op"":""damage"",""target"":""enemy"",""amount"":14,""if"":{""p"":""hasStatus"",""of"":""self"",""status"":""prepared""}},{""op"":""removeStatus"",""target"":""self"",""status"":""prepared""}]","""Deal {damage} damage. Prepared: deal {damage.2} more. Consume Prepared. Exhaust.""","{""effects"":[{""op"":""damage"",""target"":""enemy"",""amount"":18},{""op"":""damage"",""target"":""enemy"",""amount"":18,""if"":{""p"":""hasStatus"",""of"":""self"",""status"":""prepared""}},{""op"":""removeStatus"",""target"":""self"",""status"":""prepared""}]}","""physical""",0,,1,
"""thousandCutsRogue""","""Thousand Cuts""","""rogue""","""rare""",2,"""attack""",[],"""✣""","[{""op"":""damage"",""target"":""enemy"",""amount"":2,""hits"":6},{""op"":""damage"",""target"":""enemy"",""amount"":1,""hits"":6,""if"":{""p"":""hasStatus"",""of"":""self"",""status"":""prepared""}},{""op"":""removeStatus"",""target"":""self"",""status"":""prepared""}]","""Deal {damage} damage {hits} times. Prepared: deal {damage.2} damage {hits.2} times. Consume Prepared.""","{""effects"":[{""op"":""damage"",""target"":""enemy"",""amount"":3,""hits"":6},{""op"":""damage"",""target"":""enemy"",""amount"":1,""hits"":6,""if"":{""p"":""hasStatus"",""of"":""self"",""status"":""prepared""}},{""op"":""removeStatus"",""target"":""self"",""status"":""prepared""}]}","""physical""",0,,,
"""deadlyTempoCard""","""Deadly Tempo""","""rogue""","""rare""",2,"""power""",[],"""⏱""","[{""op"":""applyStatus"",""target"":""self"",""status"":""deadlyTempo"",""stacks"":{""f"":""add"",""args"":[1]}}]","""At the start of your turn, become Prepared and draw a card.""","{""cost"":1}",,,,,
"""opportunistCard""","""Opportunist""","""rogue""","""rare""",1,"""power""",[],"""◎""","[{""op"":""applyStatus"",""target"":""self"",""status"":""opportunist"",""stacks"":{""f"":""add"",""args"":[1]}}]","""Whenever an enemy Staggers, become Prepared and draw a card.""","{""cost"":0}",,,,,
"""envenomCard""","""Envenom""","""rogue""","""rare""",2,"""power""",[],"""☣""","[{""op"":""applyStatus"",""target"":""self"",""status"":""envenom"",""stacks"":{""f"":""add"",""args"":[1]}}]","""Your attacks apply 1 Venom per stack.""","{""cost"":1}",,,,,
"""toxicVolley""","""Toxic Volley""","""rogue""","""rare""",2,"""skill""",[],"""🏹""","[{""op"":""applyStatus"",""target"":""allEnemies"",""status"":""venom"",""stacks"":5},{""op"":""applyStatus"",""target"":""allEnemies"",""status"":""weak"",""stacks"":1}]","""Apply {venom} Venom and {weak} Weak to ALL enemies.""","{""effects"":[{""op"":""applyStatus"",""target"":""allEnemies"",""status"":""venom"",""stacks"":7},{""op"":""applyStatus"",""target"":""allEnemies"",""status"":""weak"",""stacks"":1}]}",,,,,
"""smokeBomb""","""Smoke Bomb""","""rogue""","""rare""",1,"""skill""","[""exhaust""]","""💨""","[{""op"":""block"",""target"":""self"",""amount"":8},{""op"":""applyStatus"",""target"":""allEnemies"",""status"":""weak"",""stacks"":3}]","""Gain {block} Block. Apply {weak} Weak to ALL enemies. Exhaust.""","{""effects"":[{""op"":""block"",""target"":""self"",""amount"":10},{""op"":""applyStatus"",""target"":""allEnemies"",""status"":""weak"",""stacks"":4}]}",,,,,
"""executionWindow""","""Execution Window""","""rogue""","""rare""",1,"""skill""","[""exhaust""]","""⌛""","[{""op"":""applyStatus"",""target"":""enemy"",""status"":""vulnerable"",""stacks"":3},{""op"":""applyStatus"",""target"":""self"",""status"":""prepared"",""stacks"":{""f"":""add"",""args"":[1]}},{""op"":""draw"",""amount"":1}]","""Apply {vulnerable} Vulnerable. Become Prepared. Draw {draw} card. Exhaust.""","{""effects"":[{""op"":""applyStatus"",""target"":""enemy"",""status"":""vulnerable"",""stacks"":4},{""op"":""applyStatus"",""target"":""self"",""status"":""prepared"",""stacks"":{""f"":""add"",""args"":[1]}},{""op"":""draw"",""amount"":1}]}",,,,,
"""perfectHeist""","""Perfect Heist""","""rogue""","""rare""",0,"""skill""","[""exhaust""]","""💎""","[{""op"":""draw"",""amount"":3},{""op"":""gainEnergy"",""amount"":1}]","""Draw {draw} cards. Gain {gainEnergy} Energy. Exhaust.""","{""effects"":[{""op"":""draw"",""amount"":4},{""op"":""gainEnergy"",""amount"":1}]}",,,,,
"""deathblow""","""Deathblow""","""rogue""","""rare""",3,"""attack""",[],"""☠""","[{""op"":""damage"",""target"":""enemy"",""amount"":24},{""op"":""damage"",""target"":""enemy"",""amount"":10,""if"":{""p"":""hasStatus"",""of"":""target"",""status"":""bleed""}},{""op"":""damage"",""target"":""enemy"",""amount"":10,""if"":{""p"":""hasStatus"",""of"":""target"",""status"":""venom""}}]","""Deal {damage} damage. If the target has Bleed, deal {damage.2} more. If it has Venom, deal {damage.3} more.""","{""effects"":[{""op"":""damage"",""target"":""enemy"",""amount"":30},{""op"":""damage"",""target"":""enemy"",""amount"":12,""if"":{""p"":""hasStatus"",""of"":""target"",""status"":""bleed""}},{""op"":""damage"",""target"":""enemy"",""amount"":12,""if"":{""p"":""hasStatus"",""of"":""target"",""status"":""venom""}}]}","""physical""",0,,,
"""honedEdge""","""Honed Edge""","""colorless""","""common""",1,"""skill""","[""exhaust""]","""🔩""","[{""op"":""applyStatus"",""target"":""self"",""status"":""strength"",""stacks"":2}]","""Gain {strength} Strength. Exhaust.""","{""effects"":[{""op"":""applyStatus"",""target"":""self"",""status"":""strength"",""stacks"":3}]}",,,,,
"""ironSkin""","""Iron Skin""","""colorless""","""common""",1,"""skill""",[],"""🛡""","[{""op"":""block"",""target"":""self"",""amount"":8}]","""Gain {block} Block.""","{""effects"":[{""op"":""block"",""target"":""self"",""amount"":11}]}",,,,,
"""fieldDressing""","""Field Dressing""","""colorless""","""uncommon""",1,"""skill""","[""exhaust""]","""🩹""","[{""op"":""heal"",""target"":""self"",""amount"":8}]","""Heal {heal} HP. Exhaust.""","{""effects"":[{""op"":""heal"",""target"":""self"",""amount"":12}]}",,,,,
"""hex""","""Hex""","""colorless""","""uncommon""",0,"""skill""","[""exhaust""]","""🕯""","[{""op"":""applyStatus"",""target"":""enemy"",""status"":""weak"",""stacks"":2},{""op"":""applyStatus"",""target"":""enemy"",""status"":""vulnerable"",""stacks"":2}]","""Apply {weak} Weak and {vulnerable} Vulnerable. Exhaust.""","{""effects"":[{""op"":""applyStatus"",""target"":""enemy"",""status"":""weak"",""stacks"":3},{""op"":""applyStatus"",""target"":""enemy"",""status"":""vulnerable"",""stacks"":3}]}",,,,,
"""transmute""","""Transmute""","""colorless""","""rare""",1,"""skill""","[""exhaust""]","""⚗""","[{""op"":""gainEnergy"",""amount"":2},{""op"":""draw"",""amount"":1}]","""Gain {gainEnergy} Energy. Draw {draw} card. Exhaust.""","{""effects"":[{""op"":""gainEnergy"",""amount"":2},{""op"":""draw"",""amount"":2}]}",,,,,
"""twinFang""","""Twin Fang""","""colorless""","""common""",1,"""attack""",[],"""🗡""","[{""op"":""damage"",""target"":""enemy"",""amount"":4,""hits"":2}]","""Deal {damage} damage {hits} times.""","{""effects"":[{""op"":""damage"",""target"":""enemy"",""amount"":6,""hits"":2}]}","""physical""",0,,,
"""blindingSand""","""Blinding Sand""","""colorless""","""common""",0,"""skill""","[""exhaust""]","""🌪""","[{""op"":""applyStatus"",""target"":""allEnemies"",""status"":""weak"",""stacks"":2}]","""Apply {weak} Weak to ALL enemies. Exhaust.""","{""effects"":[{""op"":""applyStatus"",""target"":""allEnemies"",""status"":""weak"",""stacks"":3}]}",,,,,
"""hamstring""","""Hamstring""","""colorless""","""uncommon""",0,"""skill""","[""exhaust""]","""🦵""","[{""op"":""applyStatus"",""target"":""allEnemies"",""status"":""vulnerable"",""stacks"":2}]","""Apply {vulnerable} Vulnerable to ALL enemies. Exhaust.""","{""effects"":[{""op"":""applyStatus"",""target"":""allEnemies"",""status"":""vulnerable"",""stacks"":3}]}",,,,,
"""masterOfStrategy""","""Master of Strategy""","""colorless""","""rare""",0,"""skill""","[""exhaust""]","""📜""","[{""op"":""draw"",""amount"":3}]","""Draw {draw} cards. Exhaust.""","{""effects"":[{""op"":""draw"",""amount"":4}]}",,,,,
"""bashingBlow""","""Bashing Blow""","""colorless""","""common""",1,"""attack""",[],"""🔨""","[{""op"":""damage"",""target"":""enemy"",""amount"":7},{""op"":""poiseDamage"",""target"":""enemy"",""amount"":4}]","""Deal {damage} damage and {poiseDamage} Poise damage.""","{""effects"":[{""op"":""damage"",""target"":""enemy"",""amount"":9},{""op"":""poiseDamage"",""target"":""enemy"",""amount"":6}]}","""physical""",0,,,
"""quickGuard""","""Quick Guard""","""colorless""","""common""",1,"""skill""","[""exhaust""]","""🛡""","[{""op"":""block"",""target"":""self"",""amount"":5},{""op"":""draw"",""amount"":1}]","""Gain {block} Block. Draw {draw} card. Exhaust.""","{""keywords"":[""exhaust""],""effects"":[{""op"":""block"",""target"":""self"",""amount"":7},{""op"":""draw"",""amount"":1}]}",,,,,
"""sweepingBlow""","""Sweeping Blow""","""colorless""","""uncommon""",1,"""attack""",[],"""🌀""","[{""op"":""damage"",""target"":""allEnemies"",""amount"":6}]","""Deal {damage} damage to ALL enemies.""","{""effects"":[{""op"":""damage"",""target"":""allEnemies"",""amount"":8}]}","""physical""",0,,,
"""enfeeble""","""Enfeeble""","""colorless""","""uncommon""",1,"""skill""","[""exhaust""]","""💀""","[{""op"":""applyStatus"",""target"":""allEnemies"",""status"":""vulnerable"",""stacks"":3}]","""Apply {vulnerable} Vulnerable to ALL enemies. Exhaust.""","{""effects"":[{""op"":""applyStatus"",""target"":""allEnemies"",""status"":""vulnerable"",""stacks"":4}]}",,,,,
"""colossusSmash""","""Colossus Smash""","""colorless""","""rare""",2,"""attack""",[],"""💥""","[{""op"":""damage"",""target"":""enemy"",""amount"":18},{""op"":""applyStatus"",""target"":""enemy"",""status"":""vulnerable"",""stacks"":2}]","""Deal {damage} damage. Apply {vulnerable} Vulnerable.""","{""effects"":[{""op"":""damage"",""target"":""enemy"",""amount"":24},{""op"":""applyStatus"",""target"":""enemy"",""status"":""vulnerable"",""stacks"":2}]}","""physical""",0,,,
"""wound""","""Wound""","""colorless""","""special""",0,"""status""","[""unplayable""]","""💢""",[],"""Unplayable.""",,,,,,"""The flesh remembers."""
"""dazed""","""Dazed""","""colorless""","""special""",0,"""status""","[""unplayable"",""ethereal""]","""💫""",[],"""Unplayable. Ethereal.""",,,,,,"""The grave-light lingers behind the eyes."""
"""slimed""","""Slimed""","""colorless""","""special""",1,"""status""","[""exhaust""]","""🫠""",[],"""Exhaust.""",,,,,,"""It clings."""
"""guilt""","""Guilt""","""colorless""","""special""",0,"""curse""","[""unplayable""]","""⛓""",[],"""Unplayable.""",,,,,,"""Some prayers are better left unanswered."""
"""rallyingBanner""","""Rallying Banner""","""colorless""","""special""",1,"""skill""",[],"""🚩""","[{""op"":""block"",""target"":""ally"",""amount"":10}]","""An ally gains {block} Block.""","{""effects"":[{""op"":""block"",""target"":""ally"",""amount"":14}]}",,,,,"""Raised where the ember-given rally."""
"""sharedFlame""","""Shared Flame""","""colorless""","""special""",1,"""skill""","[""exhaust""]","""✚""","[{""op"":""heal"",""target"":""ally"",""amount"":7}]","""An ally heals {heal} HP. Exhaust.""","{""effects"":[{""op"":""heal"",""target"":""ally"",""amount"":11}]}",,,,,"""Warmth passed hand to hand outlives the fire."""
"""ashOath""","""Oath of Ash""","""colorless""","""special""",2,"""skill""","[""exhaust""]","""🤝""","[{""op"":""applyStatus"",""target"":""ally"",""status"":""strength"",""stacks"":2},{""op"":""applyStatus"",""target"":""self"",""status"":""strength"",""stacks"":1}]","""An ally gains {strength} Strength; you gain {strength.2}. Exhaust.""","{""effects"":[{""op"":""applyStatus"",""target"":""ally"",""status"":""strength"",""stacks"":3},{""op"":""applyStatus"",""target"":""self"",""status"":""strength"",""stacks"":1}]}",,,,,"""Sworn once, kept twice."""
